{"public_identifier": "adarsh-pathange", "profile_pic_url": "https://s3.us-west-000.backblazeb2.com/proxycurl/person/adarsh-pathange/profile?X-Amz-Algorithm=AWS4-HMAC-SHA256&X-Amz-Credential=0004d7f56a0400b0000000001%2F20240305%2Fus-west-000%2Fs3%2Faws4_request&X-Amz-Date=20240305T142206Z&X-Amz-Expires=3600&X-Amz-SignedHeaders=host&X-Amz-Signature=36a24edcf86f929b3bead422c6ea3fc40718741d431b2d7d9866cf20179b0866", "background_cover_image_url": "https://s3.us-west-000.backblazeb2.com/proxycurl/person/adarsh-pathange/cover?X-Amz-Algorithm=AWS4-HMAC-SHA256&X-Amz-Credential=0004d7f56a0400b0000000001%2F20240305%2Fus-west-000%2Fs3%2Faws4_request&X-Amz-Date=20240305T142206Z&X-Amz-Expires=3600&X-Amz-SignedHeaders=host&X-Amz-Signature=646e09b0eebf3a58d789724cc003aae7b410284a1fdf55a8959d44d4220989ab", "first_name": "Adarsh", "last_name": "Pathange", "full_name": "Adarsh Pathange", "follower_count": 2171, "occupation": "Senior Sql Database Administrator at Confidential", "headline": "Senior SQL Database Administrator | 4x Azure Certified | Cloud Migration Engineer | Performance Tuning | Backup & Recovery ", "summary": "\ud83d\udee0\ufe0f Seasoned SQL DBA with 6 years of hands-on experience in database development, administration, supporting and independently migrating/upgrading critical production servers.\n\n\ud83d\udd04 Proficient in setting up high availability and DR solutions from scratch, including Always On, log shipping, mirroring, and replication, ensuring seamless operations.\n\n\ud83d\udd0d Exceptional troubleshooting skills and expertise in handling L3 escalations and performance tuning  on SQL servers, resolving performance issues, and ensuring optimal database functionality and response times.\n\n\ud83d\udccf Extensive knowledge of stored procedures, index optimization, and query tuning contributing to enhanced database performance and efficiency.\n\n\ud83d\ude80 Demonstrated experience in supporting all versions of SQL Server, showcasing adaptability and comprehensive understanding of the evolving SQL environment.\n\n\ud83d\udcd1 Proven track record in change management, documentation, and reporting, ensuring audit compliance and seamless migration of databases from on-premises to cloud environments.\n\n\ud83d\udcca Extensive experience in managing and migrating associated SSRS, SSIS, and SSAS applications and reports, contributing to comprehensive database management and reporting capabilities.\n\n\ud83d\udccf Well-versed in patching, database sizing, and planning, demonstrating a strong grasp of disaster recovery processes and health monitoring dashboards.\n\n\ud83d\ude80 Highly skilled in ensuring the stability and performance of databases, coupled with a robust understanding of Azure SQL Database administration, making a strong fit for Senior SQL Database Administrator and Azure SQL Database Administrator roles.\n\n\ud83c\udfe2 Managed, mentored, and oversaw a team of 5 members as a DBA track lead, fostering a collaborative and productive work environment.\n\n\ud83c\udfc6 Recognized with the best employee award for three quarters, reflecting client satisfaction with my performance and contributions to the organization's success.\n\n\u2709\ufe0f Email: Adarsh.patz@gmail.com\n\ud83d\udcc3 References will be provided upon request.", "country": "US", "country_full_name": "United States of America", "city": "Chicago", "state": "Illinois", "experiences": [{"starts_at": {"day": 1, "month": 6, "year": 2023}, "ends_at": null, "company": "Confidential", "company_linkedin_profile_url": "https://www.linkedin.com/company/confidentialcompany", "title": "Senior Sql Database Administrator", "description": null, "location": "United States", "logo_url": "https://media.licdn.com/dms/image/C510BAQESoEd_uyChWA/company-logo_400_400/0/1630564888472/confidentialcompany_logo?e=1717632000&v=beta&t=tCL_pnd419odwosY1n7mOmFDsUbgaV1lATOozSr-TmE"}, {"starts_at": {"day": 1, "month": 6, "year": 2022}, "ends_at": {"day": 31, "month": 3, "year": 2023}, "company": "Compucom", "company_linkedin_profile_url": "https://www.linkedin.com/company/compucom", "title": "Database Administrator II", "description": null, "location": "Pune, Maharashtra, India \u00b7 Hybrid", "logo_url": "https://media.licdn.com/dms/image/C4E0BAQHOJzQspby5IQ/company-logo_400_400/0/1651596530442/compucom_logo?e=1717632000&v=beta&t=byFn0iiEMGuVgvCPk7qmWExUOPxqIvhkfV8kBsIG2Yw"}, {"starts_at": {"day": 1, "month": 6, "year": 2022}, "ends_at": {"day": 31, "month": 8, "year": 2022}, "company": "Eclosia", "company_linkedin_profile_url": "https://www.linkedin.com/company/eclosia-group", "title": "Database Consultant", "description": "> Upgraded On-Prem SQL servers to SQL 2019 version and seamlessly migrated to Azure cloud.\n> Optimized database performance and ensured high availability by performing comprehensive performance tuning and implementing cutting-edge solutions.\n> Contributed to disaster recovery planning and participated in disaster recovery testing to mitigate potential risks.\n> Collaborated with the DevOps team to integrate and troubleshoot solutions, resulting in enhanced operational efficiency and productivity.\n> Conducted in-depth capacity planning to ensure optimal database performance and scalability, aligning resources to business needs.\n> Quickly identified and resolved issues related to database slowness, minimizing downtime and maximizing system efficiency.\n> Migrated SSIS, SSRS, and SSAS to the new environment with minimal disruption, ensuring seamless integration with existing systems and minimizing impact on business operations.", "location": "Mauritius \u00b7 Remote", "logo_url": "https://media.licdn.com/dms/image/D4E0BAQHAglQ0jurnIA/company-logo_400_400/0/1700131664324/eclosia_group_logo?e=1717632000&v=beta&t=viyy6_lvqrT6rLavbR5Sn8zAD_lljCZzbbbZMNyook8"}, {"starts_at": {"day": 1, "month": 11, "year": 2021}, "ends_at": {"day": 30, "month": 6, "year": 2022}, "company": "MassMutual India", "company_linkedin_profile_url": "https://www.linkedin.com/company/massmutual-india", "title": "Associate Database Engineer", "description": "> Demonstrated strong comprehension of cloud architecture and design patterns for cloud database solutions.\n> Implemented and managed Azure SQL Database and Azure SQL Managed Instance, ensuring high availability and disaster recovery solutions.\n> Conducted thorough testing and validation of cloud migration projects, ensuring data integrity and performance.\n> Worked with teams to plan and execute database migrations, including data migration, schema migration, and configuration changes.\n> Configured Azure Database Migration Service (DMS) and Azure Site Recovery (ASR) to automate disaster recovery and migration processes.\n> Implemented security measures, including encryption, authentication, and authorization, for cloud database solutions.\n> Utilized tools such as Rubrik, Azure DevOps, ServiceNow, and Jira to streamline and optimize IT operations.", "location": "Hyderabad, Telangana, India \u00b7 On-site", "logo_url": "https://media.licdn.com/dms/image/C4D0BAQF7mgXjWGjn3w/company-logo_400_400/0/1630472864832?e=1717632000&v=beta&t=qhm8YqTCORVWL77MRwkZYUCaiHsD9mt0Qpe7nGZ6vng"}, {"starts_at": {"day": 1, "month": 1, "year": 2020}, "ends_at": {"day": 30, "month": 11, "year": 2021}, "company": "Infosys", "company_linkedin_profile_url": "https://www.linkedin.com/company/infosys", "title": "Senior Systems Engineer", "description": "> Led database design, implementation, and migration projects, ensuring smooth transition and minimal disruption to business operations.\n> Leveraged T-SQL programming and database optimization expertise to design and implement highly performant databases with optimized indexing strategies and maintenance plans.\n> Designed and implemented high availability and replication solutions, such as Always On and Clustering, ensuring maximum system availability and minimizing risk of data loss.\n> Mentored and coached junior team members, fostering a positive and productive work environment, resulting in enhanced team collaboration and individual growth.\n> Streamlined daily refreshes by automating critical operations, resulting in a 60% reduction in workload and reduced manpower.\n> Utilized extensive tools, such as Delphix, SolarWinds, RedGate, ServiceNow, and Attunity, to perform critical operations, including performance tuning, monitoring, and refreshes.\n> Successfully migrated 20+ servers from On-Premise to Azure VM (IAAS) cloud independently, ensuring seamless replication of data and zero downtime.\n> Received high recognition and appreciation from clients for exceptional work, quality deliverables, and effective communication.\n> Developed and implemented robust backup and recovery strategies, database security protocols, and disaster recovery plans to minimize risk and maintain data integrity.\n> Delivered full life cycle support for SQL server and database management, including conducting assessments, installations, creations, decommissions, and migrations.\n> Led by example, setting high standards for performance, ethics, and professionalism.", "location": "Bengaluru, Karnataka, India \u00b7 On-site", "logo_url": "https://media.licdn.com/dms/image/D4D0BAQE7Zf1-vvfbUA/company-logo_400_400/0/1692876768583/infosys_logo?e=1717632000&v=beta&t=a8foohbLxoCYmkiGRi4AzqnE2CSm_Sgqv93R1dagONQ"}, {"starts_at": {"day": 1, "month": 9, "year": 2018}, "ends_at": {"day": 31, "month": 1, "year": 2020}, "company": "Infosys", "company_linkedin_profile_url": "https://www.linkedin.com/company/infosys", "title": "Systems Engineer", "description": "> Administered, monitored, and optimized SQL and Azure Server environments, ensuring maximum efficiency and system availability.\n> Orchestrated numerous database refreshes from production environment to other lower environments, ensuring seamless replication of critical data.\n> Troubleshot and resolved database issues, ensuring quick resolution of problems and minimal downtime for end-users.\n> Monitored and managed database performance, using built-in tools and custom scripts to proactively identify and resolve potential issues.\n> Utilized database partitioning and compression techniques to optimize database performance and storage utilization.\n> Automated database administration tasks using scripts and tools such as PowerShell and SQL Server Agent, increasing efficiency and reducing manual effort.\n> Contributed to cross-functional teams and project management methodologies such as Agile and Waterfall, delivering successful database projects on time and within budget.\n> Demonstrated deep understanding of database architecture, including storage and memory management, and experience with storage solutions such as SAN and NAS.", "location": "Bengaluru, Karnataka, India \u00b7 On-site", "logo_url": "https://media.licdn.com/dms/image/D4D0BAQE7Zf1-vvfbUA/company-logo_400_400/0/1692876768583/infosys_logo?e=1717632000&v=beta&t=a8foohbLxoCYmkiGRi4AzqnE2CSm_Sgqv93R1dagONQ"}, {"starts_at": {"day": 1, "month": 1, "year": 2018}, "ends_at": {"day": 30, "month": 4, "year": 2018}, "company": "Treebo Hotels", "company_linkedin_profile_url": "https://www.linkedin.com/company/treebohotels", "title": "Engineer Intern", "description": null, "location": "Bengaluru, Karnataka, India \u00b7 On-site", "logo_url": "https://media.licdn.com/dms/image/D560BAQE9H1nmtbn_mg/company-logo_400_400/0/1704181649041/treebohotels_logo?e=1717632000&v=beta&t=lMSCvNrqeVtIXvIB9VKHdeue3Xy_AKahDPEH_mLGG4M"}], "education": [{"starts_at": null, "ends_at": null, "field_of_study": "Information Technology and Management", "degree_name": "Master of Science - MS", "school": "Illinois Institute of Technology", "school_linkedin_profile_url": "https://www.linkedin.com/company/6328/", "description": null, "logo_url": "https://media.licdn.com/dms/image/C4D0BAQEd6wnmQCCIHw/company-logo_400_400/0/1630559679535/illinois_institute_of_technology_logo?e=1717632000&v=beta&t=9_wR1v9lt8WVPSux8a585YLwqzmyIqxwEYp0mHeXRL0", "grade": null, "activities_and_societies": null}, {"starts_at": {"day": 1, "month": 8, "year": 2014}, "ends_at": {"day": 31, "month": 7, "year": 2018}, "field_of_study": "Computer Science and Engineering", "degree_name": "Bachelor of Technology", "school": "REVA University", "school_linkedin_profile_url": "https://www.linkedin.com/company/9415817/", "description": null, "logo_url": "https://media.licdn.com/dms/image/D560BAQHK5zP2639Puw/company-logo_400_400/0/1692179579650/reva_university_logo?e=1717632000&v=beta&t=6MofItZu6gC3Zm9m-7g4K2_SsUKEvsmCGRGSqKUby_M", "grade": null, "activities_and_societies": null}], "languages": ["English", "Hindi", "Kannada", "Marathi"], "accomplishment_organisations": [], "accomplishment_publications": [], "accomplishment_honors_awards": [{"title": "Infosys Quarterly Award  'INSTA'  Dec'20", "issuer": "Infosys Ltd.", "issued_on": {"day": 1, "month": 12, "year": 2020}, "description": "Earned recognition for outstanding performance by being awarded again with the prestigious Infosys Quarterly Award 'INSTA' in December 2020, a title of best performer in the Unit for three consecutive quarters, a testament to my consistent high-level contributions."}, {"title": "Infosys Quarterly Award - 'INSTA'  July'20", "issuer": "Infosys Ltd.", "issued_on": {"day": 1, "month": 7, "year": 2020}, "description": "Achieved recognition as the top performer in the Unit for the quarter, solidifying my reputation as a high-performing and dedicated professional."}], "accomplishment_patents": [], "accomplishment_courses": [], "accomplishment_projects": [], "accomplishment_test_scores": [], "volunteer_work": [], "certifications": [{"starts_at": {"day": 1, "month": 7, "year": 2022}, "ends_at": {"day": 31, "month": 7, "year": 2024}, "name": "Microsoft Certified: Azure Database Administrator Associate", "license_number": "H892-2237", "display_source": "www.credly.com", "authority": "Microsoft", "url": "https://www.credly.com/badges/3140b7f1-f35c-4983-ab83-cfe4a508d630?source=linked_in_profile"}, {"starts_at": {"day": 1, "month": 7, "year": 2021}, "ends_at": null, "name": "Microsoft Certified: Azure AI  Fundamentals", "license_number": "H897-6465", "display_source": "www.credly.com", "authority": "Microsoft", "url": "https://www.credly.com/badges/3140b7f1-f35c-4983-ab83-cfe4a508d630?source=linked_in_profile"}], "connections": 2177, "people_also_viewed": [{"link": "https://www.linkedin.com/in/mohammad-areefuddin-78354113b?miniProfileUrn=urn%3Ali%3Afs_miniProfile%3AACoAACISuxMBTokISC9GDXO3uU2ReV8MuBjT5Ok", "name": "Mohammad Areefuddin", "summary": "Sql Server/Azure and PostgreSQL DBA", "location": null}, {"link": "https://www.linkedin.com/in/krrao?miniProfileUrn=urn%3Ali%3Afs_miniProfile%3AACoAAABFP9oBuKCY4FU904bpn3Id1uYz7CAS9g4", "name": "Raghuram Kalakuntla", "summary": "SQL Server Database Administrator at CME Group", "location": null}, {"link": "https://www.linkedin.com/in/brendan-mason-a943a53?miniProfileUrn=urn%3Ali%3Afs_miniProfile%3AACoAAACXZdABELztn05tMdd2HOh0PZ-47PtPke0", "name": "Brendan Mason", "summary": "Principal Consultant/Database Administrator @ SqlCS | SQL Server Expert", "location": null}, {"link": "https://www.linkedin.com/in/siva-sql-dba?miniProfileUrn=urn%3Ali%3Afs_miniProfile%3AACoAACwXIEIB52qxp-YMWuSLuvHrYVmlXp4N9Uc", "name": "Siva R", "summary": "SQL Server DBA | Azure DBA at TCS", "location": null}, {"link": "https://www.linkedin.com/in/teja-veera-kondaveeti-658148138?miniProfileUrn=urn%3Ali%3Afs_miniProfile%3AACoAACF7CaQB8NK8DRuZ24AFphaQ97i-ELVHO24", "name": "Teja Veera Kondaveeti", "summary": "Technology Lead at Infosys", "location": null}], "recommendations": ["Barry Banhagel\n\n\n\nI highly recommend Adarsh and would be happy to serve as a professional reference for him. \nHe was valuable resource for our MS SQL Server DBA team. \nTechnically, he is knowledgeble and capable to fully understand the issues as well as the implications of changes. \nAdarsh served on our small team to provide 24x7 Support and was always willing to go the extra mile to contribute to the team's success.", "Zyadh Coorbanally\n\n\n\nAdarsh joined my team as a Database Consultant. He ramped up very quickly on our Database systems as well as our technical processes and business context.\n\nDespite being a relatively young DBA his solid technical knowledge on SQL Server, his curiosity, and organized way of working made him a perfect fit in our organisation.\n\nAdarsh was given several complex tasks and projects such as Database upgrades and migration, and Database performance tuning and optimisation and he delivered all of them successfully.\n\nBesides his technical skills Adarsh is a very good listener, understands client requirements but will never hesitate to propose any recommendations if needed. He's also a very good team player and all our teams enjoyed collaborating with him. He's got very good potential to take up even bigger challenges and I strongly recommend him."], "activities": [], "similarly_named_profiles": [], "articles": [], "groups": [{"profile_pic_url": "https://media.licdn.com/dms/image/C4D07AQFzZ4nSNaZMHg/group-logo_image-shrink_400x400/0/1630997456959?e=1710255600&v=beta&t=eyC-jnvrUp7E6659ZJ_943iYY9mOV-1eoHHCLHIQIF4", "name": "Azure Practitioners", "url": "https://www.linkedin.com/groups/1731317"}, {"profile_pic_url": "https://media.licdn.com/dms/image/D4E07AQH72I0xcXrYTA/group-logo_image-shrink_400x400/0/1701878300047?e=1710255600&v=beta&t=RT7yB-cmF_yoDnnZp-J1Fl6NOs041waIxef4OGPTxx0", "name": "MySQL", "url": "https://www.linkedin.com/groups/60715"}], "skills": [], "inferred_salary": null, "gender": null, "birth_date": null, "industry": null, "extra": null, "interests": [], "personal_emails": [], "personal_numbers": []}
