{"public_identifier": "ajjames", "profile_pic_url": "https://s3.us-west-000.backblazeb2.com/proxycurl/person/ajjames/profile?X-Amz-Algorithm=AWS4-HMAC-SHA256&X-Amz-Credential=0004d7f56a0400b0000000001%2F20240305%2Fus-west-000%2Fs3%2Faws4_request&X-Amz-Date=20240305T205955Z&X-Amz-Expires=3600&X-Amz-SignedHeaders=host&X-Amz-Signature=4579f196abc1ffa3ec7719e9f25455e6c29ee90d3a154f74487c996a5911d8e8", "background_cover_image_url": "https://s3.us-west-000.backblazeb2.com/proxycurl/person/ajjames/cover?X-Amz-Algorithm=AWS4-HMAC-SHA256&X-Amz-Credential=0004d7f56a0400b0000000001%2F20240305%2Fus-west-000%2Fs3%2Faws4_request&X-Amz-Date=20240305T205955Z&X-Amz-Expires=3600&X-Amz-SignedHeaders=host&X-Amz-Signature=6bcfa8b29b3966793bdf4e20cb6670ce9584fcc9a7effb829cac60790d80fcab", "first_name": "Anthony J", "last_name": "James", "full_name": "Anthony J James", "follower_count": 3676272, "occupation": "Chairperson of the Board at Trinity Consulting Services", "headline": "CEO | Innovation | Technology | Global Commercialization | Growth @ Trinity Consulting", "summary": "I have over three decades of experience in leading and executing innovation, technology, and growth strategies for clients across various sectors and regions. As the Chairperson and Group CEO of Trinity Consulting Services, I help clients commercialise their ideas, supercharge their digital transformation, and find growth in new markets. I also mentor and collaborate with a talented team of consultants, innovators, and entrepreneurs who share my vision and passion.\n\nIn addition to my role at Trinity Consulting, I am also the Chief Growth Officer and CEO of B2Bx, a digital platform that connects B2B buyers and sellers across Asia Pacific, and the Executive Director and Investor of InfluencerActive, a social media agency that leverages the power of influencers to drive engagement and conversion. In these roles, I leverage my expertise in digital marketing, e-commerce, and social media to create innovative solutions and scalable business models that generate value and impact. I am constantly learning, adapting, and exploring new opportunities and challenges in the dynamic and diverse Asia Pacific market.", "country": "AU", "country_full_name": "Australia", "city": "Sydney", "state": "New South Wales", "experiences": [{"starts_at": {"day": 1, "month": 5, "year": 2022}, "ends_at": null, "company": "Trinity Consulting Services", "company_linkedin_profile_url": "https://www.linkedin.com/company/trinity-consulting-services", "title": "Chairperson of the Board", "description": "If you\u2019re ready to commercialise your idea to a global audience, to supercharge your digital transformation or to find growth in new markets then we can help!", "location": "Sydney, New South Wales, Australia", "logo_url": "https://media.licdn.com/dms/image/C4D0BAQGrLPvSJY2SNw/company-logo_400_400/0/1631332155891?e=1712188800&v=beta&t=EMuFnOrUvvg_uj1kJoZyMFawob_UkKXTjq-H7Om-1hg"}, {"starts_at": {"day": 1, "month": 4, "year": 2020}, "ends_at": null, "company": "Trinity Consulting Services", "company_linkedin_profile_url": "https://www.linkedin.com/company/trinity-consulting-services", "title": "Group CEO Innovation & Growth", "description": "Working closely with clients to help them drive their growth strategy, digital transformation and generate new innovative ideas for global markets.", "location": "Sydney, New South Wales, Australia", "logo_url": "https://media.licdn.com/dms/image/C4D0BAQGrLPvSJY2SNw/company-logo_400_400/0/1631332155891?e=1712188800&v=beta&t=EMuFnOrUvvg_uj1kJoZyMFawob_UkKXTjq-H7Om-1hg"}, {"starts_at": {"day": 1, "month": 5, "year": 2016}, "ends_at": {"day": 31, "month": 3, "year": 2021}, "company": "Trinity Consulting Services", "company_linkedin_profile_url": "https://www.linkedin.com/company/trinity-consulting-services", "title": "Executive Director - Marketing, Innovation and Growth", "description": "Trinity Consulting Services [TCS] is a highly networked marketing strategy, innovation and business transformation agency, that works with brands who have a desire to increase their revenues and market share in some of the largest B2B and B2C markets in APAC (Asia Pacific) and EMEA (Europe, Middle East and Africa). \n\nI specifically help organisations generate additional revenues in these markets with creative, innovative and digital solutions - from up-front strategy to full tactical and practical implementation and roll-out planning.\n\nLeveraging my substantial APAC network and with a deep understanding of cultural differences and in-market influences across the target regions and countries, Trinity Consulting gives its partners the jump-start in digital and innovation that they often lack in penetrating new markets and delivering real, profitable solutions.\n\nTCS blends the creative and the strategic, within a highly flexible and dynamic framework. Assisting organisations to solve complex business problems and issues with the application of technology. Assisting in the packaging, presenting and pitching of solutions to potential markets, emerging markets and numerous industry verticals.\n\nWe have assisted organisations and provided measurable and profitable solutions to: Advertising, Business Travel & Leisure, Consumer Brands, Consumer Marketing, Digital / Online / Social Media, Entertainment, Fast Moving Consumer Goods (FMCG), Financial Services & FINTECH, Franchising, Health & Wellbeing, Information Technology, Media & Publishing, Promotions, Merchandising, Retail, Sports & Sponsorship, Quick Service Restaurants (QSR)\n\nRecent clients include: The Australia Government, Digital Transformation Agency, Nokia, News Corp Australia", "location": "APAC - Marketing, Transformation, Digital & Consumer Engagement", "logo_url": "https://media.licdn.com/dms/image/C4D0BAQGrLPvSJY2SNw/company-logo_400_400/0/1631332155891?e=1712188800&v=beta&t=EMuFnOrUvvg_uj1kJoZyMFawob_UkKXTjq-H7Om-1hg"}, {"starts_at": {"day": 1, "month": 11, "year": 2021}, "ends_at": {"day": 30, "month": 6, "year": 2023}, "company": "B2Bx", "company_linkedin_profile_url": "https://www.linkedin.com/company/b2bxperts", "title": "Chief Growth Officer & CEO", "description": null, "location": "Sydney, New South Wales, Australia", "logo_url": "https://media.licdn.com/dms/image/C4D0BAQGmu02BWbeghA/company-logo_400_400/0/1662359968504/b2bxperts_logo?e=1712188800&v=beta&t=0ST79E812Yfih_DO7zKHF908ZyLtfke48T54uzYulL0"}, {"starts_at": {"day": 1, "month": 10, "year": 2020}, "ends_at": {"day": 30, "month": 6, "year": 2023}, "company": "B2Bx", "company_linkedin_profile_url": "https://www.linkedin.com/company/b2bxperts", "title": "Executive Director & Investor", "description": "InfluencerActive is an influencer marketing platform that directly connects small and medium-sized brands and businesses with curated and vetted influencers to create a seamless marketplace for both buyer and influencer to engage. Influencers in the InfluencerActive network have built significant followings over traditional business channels. Their trusted voices are valued in both the B2C and B2B contexts.\n \nIn engaging with influencers through InfluencerActive, business owners can cut through the channel noise and marketing challenges of a fragmented media world. With Influencer Active, engagement is direct between business and influencer.", "location": "Greater Sydney Area", "logo_url": "https://media.licdn.com/dms/image/C4D0BAQGmu02BWbeghA/company-logo_400_400/0/1662359968504/b2bxperts_logo?e=1712188800&v=beta&t=0ST79E812Yfih_DO7zKHF908ZyLtfke48T54uzYulL0"}, {"starts_at": {"day": 1, "month": 3, "year": 2015}, "ends_at": {"day": 31, "month": 5, "year": 2016}, "company": "DDB Group Asia Pacific", "company_linkedin_profile_url": "https://www.linkedin.com/company/ddb-group-asia-pacific", "title": "Chief Innovation & Growth Officer", "description": "As Chief Innovation Officer, Asia Pacific, I was tasked with taking head on, the challenge to: \n\n\u2022  provide focus to DDB Group\u2019s innovative business and marketing growth solutions\n\u2022  commercialise new and existing digital and tech solutions to generate growth for agency clients\n\u2022  engage creativity and innovation for drive long-term business growth for agency and clients\n\u2022  apply creative thinking across business processes to deliver a competitive advantage and new revenue streams\n\u2022  to connect the best minds within the agency in order to look at business problems from a different perspective\n\nAJ spearheaded the commercial success of innovative digital solutions for DDB's clients \u2013 from mobile apps to web-ordering systems to e-stores and interactive retail assets \u2013 as well as enhancing client revenue streams and customer engagement to 'hack' into creative business growth opportunities.", "location": "Asia Pacific", "logo_url": "https://media.licdn.com/dms/image/D4E0BAQG_GgV2_xHuwQ/company-logo_400_400/0/1698676324609/ddb_group_asia_pacific_logo?e=1712188800&v=beta&t=Pe0CnQn8HJhpBNj0_TP8woZ3VybyTvf4QTzk8SSy9RQ"}, {"starts_at": {"day": 1, "month": 12, "year": 2007}, "ends_at": {"day": 31, "month": 3, "year": 2015}, "company": "Sample Central", "company_linkedin_profile_url": "https://www.linkedin.com/company/sample-central", "title": "Group CEO Marketing and Innovation", "description": "Sample Central is a unique retail / consumer product / insights / experience that places a focus on consumers, allowing them to try, touch, feel and experience products, and brand innovations before buying the products. As the pioneer of 'tryvertising' or try-before-you-buy, Sample Central ignites the conversation and interaction between brands and consumers, consumer who are willing to provide their insights about products or services they have chosen to explore or shown and interest in.\n\nHaving created the global go-to-market strategy, AJ was the driving-force behind launching the concept to the market, taking an active, hands-on approach selling the concept into brands and growing the business worldwide via a franchise framework.\n\nKEY ACHIEVEMENTS:\n\u2022  Took the business global via a franchise model (custom built for the concept)\n\u2022  Negotiated franchise agreements in over 20 countries in less than 5 years\n\u2022  Established global and franchise level operational plans and budgets\n\u2022  Coach, motivate and support new franchisees and business owners\n\u2022  Play and active and key role selling the concept to brands globally\n\u2022  Establish clear success metrics, systems and reporting arrangements\n\u2022  Changed the FMCG landscape with a model that truly influences consumers purchasing decisions\n\u2022  Built a robust, centralized, big-data engine, SaaS information management and software platform operating in over 10 languages supporting franchise partners and consumers worldwide", "location": "Worldwide, Japan, Brazil, USA, Middle East, Eastern Europe (Budapest), UK", "logo_url": "https://media.licdn.com/dms/image/C510BAQFFw0VUi85D5g/company-logo_400_400/0/1631361907747?e=1712188800&v=beta&t=24yD6bdvtjIYcHbVaWBk1exAXkPyeMtOgjOaTDRKiwY"}, {"starts_at": {"day": 1, "month": 1, "year": 2004}, "ends_at": {"day": 31, "month": 12, "year": 2007}, "company": "Creata", "company_linkedin_profile_url": "https://www.linkedin.com/company/creata", "title": "Executive Vice-President Global Sales & Marketing", "description": "Creata is one of the largest marketing and sales promotions agencies in the world, serving some of the largest corporations including McDonald's, Kellogg's, Coca Cola, Nestle, & others since 1973.\n\nAJ took a key leadership role during his time at Creata & was part for the global management team. Working across 15 offices in 11 countries on 5 continents. And was responsible for the design & production of over 1.3 billion happy meal toys.\n\nMAIN RESPONSIBILITIES:\n\u2022 Setting creative direction and strategy for the agency globally\n\u2022 Focus the agency on innovation and idea generation built upon creative marketing & promotion strategies\n\u2022 Transitioned from a premiums manufacturer to a full-service creative & digital agency\n\u2022 Accelerate the pace of Creata\u2019s ability to deliver a full spectrum of below-the-line marketing services\n\u2022 Leadership role in all major account pitches globally & was the driving force of the Company\u2019s sales / marketing efforts\n\nKEY ACHIEVEMENTS: \n\u2022 Built and launched Creata Digital\n\u2022 Positioned Creata to be invited to pitch for global technology pitches with several of the Company\u2019s global brand clients\n\u2022 Secured Creata's first large scale digital project with McDonald's against the incumbent digital agencies\n\u2022 Extend the HappyMeal.com franchise into Asia Pacific - Digital contract extended despite intense lobbying by rival agencies\n\u2022 Personally managed the relationship and negotiated the deals across North America, Europe & Asia\n\u2022 Restructured Creata's Creative division from a \"Support Function\" to a \"Business Unit\", having full P&L accountability\n\u2022 Established the relationship & negotiated the contract between Creata & China Central Television (CCTV) to secure the exclusive licensing rights to China's oldest & most recognised cartoon property. Drove the establishment of a separate business entity in the Chinese Free Trade Zone", "location": "Worldwide - Asia Pacific, North America, Latin america, Europe, Middle East", "logo_url": "https://media.licdn.com/dms/image/D560BAQHuX1QrJ3pgdA/company-logo_400_400/0/1684251426198/creata_logo?e=1712188800&v=beta&t=mlq6s0jzgmk52yGr0l1-UWU5_Tdpgd7UpdjcIolidZM"}, {"starts_at": {"day": 1, "month": 1, "year": 2000}, "ends_at": {"day": 31, "month": 12, "year": 2004}, "company": "Fujitsu Consulting - Management Consulting / Digital Solutions", "company_linkedin_profile_url": "https://www.linkedin.com/company/fujitsu", "title": "Vice-President Marketing & Digital, Asia Pacific", "description": "Fujitsu Consulting is one of the worlds top-tier global IT services organizations. With a focus on boosting efficiencies, cutting IT operational costs and create a sustainable competitive advantage with the client-focused IT consulting and integration services.\n\nAs Vice President of Marketing I was responsible for ensuring that clients business objectives were integrally linked to delivering true business value and the offerings of Fujitsu Consulting.\n\n\u2022 Directed the strategy, planning and implementation of all Fujitsu Consulting Asia Pacific internal and external corporate marketing activities supporting the business goals toward growth and profitability\n\u2022 Focus on solutions marketing\n\u2022 Ensured a consistent brand and message to the marketplace, making sure corporate style and standards were followed across all initiatives\n\u2022 Key executive on the Global Brand Program Team\n\n\u2022 As Director of eBusiness Solutions, Asia Pacific, provided focus, direction and leadership to position Fujitsu as the partner of choice for eBusiness solutions\n\u2022 Developed eBusiness solution offerings and the alignment to delivery capabilities", "location": "Asia Pacific, Australia, New Zealand, Hong Kong, Japan", "logo_url": "https://media.licdn.com/dms/image/D4D0BAQH924-aFUwmAg/company-logo_400_400/0/1688553760925/fujitsu_logo?e=1712188800&v=beta&t=nZpvxNOr18yysdueFzoQD6zy53_NbXUYd6WMiFFdq3E"}, {"starts_at": {"day": 1, "month": 1, "year": 1999}, "ends_at": {"day": 31, "month": 12, "year": 2000}, "company": "ZIVO Pty Limited - Digital / Web Solutions", "company_linkedin_profile_url": null, "title": "Director, Sales, Marketing & Communications, Asia Pacific", "description": "\u2022 All sales and marketing of Internet Solutions\n\u2022 Cross-industry focus, managing a team of Business Development Managers across Australia and New Zealand\n\u2022 Developed a ZIVO-wide business development and acquisition strategy\n\u2022 Negotiation of all intellectual property and professional services contracts\n\u2022 Lead engagement management for ZIVO clients including personal management of key accounts\n\u2022 Major influencer of the ZIVO marketing and branding strategies", "location": "Asia Pacific", "logo_url": null}, {"starts_at": {"day": 1, "month": 1, "year": 1985}, "ends_at": {"day": 31, "month": 1, "year": 1987}, "company": "Optical & Graphic Services", "company_linkedin_profile_url": null, "title": "Graphic Designer / Computer Animator", "description": "Optical & Graphic was established in January 1973 creating titles and shooting opticals for films including Peter Weir's Picnic at Hanging Rock, through to titles for Mad Max, The Man from Snowy River and Crocodile Dundee. O & G pioneered the use in Australia of shooting titles onto intermediate stock.", "location": null, "logo_url": null}, {"starts_at": {"day": 1, "month": 1, "year": 1997}, "ends_at": {"day": 31, "month": 12, "year": 1999}, "company": "IBM Global Services", "company_linkedin_profile_url": "https://www.linkedin.com/company/ibm", "title": "Managing Consultant - eBusiness, Global", "description": "\u2022 One of the key executives responsible for building and launching the IBM e-business Solutions team globally\n\u2022 Focused on a wide range of industry sectors, specialising in the banking & finance, entertainment, media, sports, travel, transport and tourism sectors across Asia Pacific\n\u2022 Lead the Asia Pacific sales team to ensure new business sign-off with clients\n\u2022 Played a leadership role in the relationship build, management and engagement of IBM e-business clients\n\u2022 Defined strategies for the marketing and sales of e-business and Interactive Media Design Studio services, including: internet/Intranet Solutions, CD-ROM, Kiosk, Electronic-commerce solutions, content creation cybercasting, digital design and print", "location": null, "logo_url": "https://media.licdn.com/dms/image/D560BAQGiz5ecgpCtkA/company-logo_400_400/0/1688684715866/ibm_logo?e=1712188800&v=beta&t=4lU4oOUWl0q2rtWaxvsmbsGB72L_CXZB1UesOhjJr58"}, {"starts_at": {"day": 1, "month": 2, "year": 1987}, "ends_at": {"day": 29, "month": 2, "year": 1992}, "company": "IBM", "company_linkedin_profile_url": "https://www.linkedin.com/company/ibm", "title": "Interactive Designer and Programmer", "description": null, "location": "Australia", "logo_url": "https://media.licdn.com/dms/image/D560BAQGiz5ecgpCtkA/company-logo_400_400/0/1688684715866/ibm_logo?e=1712188800&v=beta&t=4lU4oOUWl0q2rtWaxvsmbsGB72L_CXZB1UesOhjJr58"}, {"starts_at": {"day": 1, "month": 1, "year": 1992}, "ends_at": {"day": 31, "month": 12, "year": 1997}, "company": "Computer Sciences Corporation (CSC)", "company_linkedin_profile_url": "https://www.linkedin.com/company/csc", "title": "Internet Sales & Marketing Manager", "description": "\u2022 Established the MultiMedia Laboratory at CSC in Sydney and grew this to a global capability (and team of 350 people)\n\u2022 Project managed a variety of multimedia and Internet application design and development and implementation projects\n\u2022 Built processes for sales and client engagement\n\u2022 Full responsibility for major projects being delivered on time and within budget\n\u2022 Ensured all projects met quality assurance standards of CSC\n\u2022 Held the position of Worldwide Chair of the CSC Special Interest Group for MultiMedia and Interactive Technologies for 4 years, and through this time spent the majority of time in the United States speaking on the International Speakers Circuit", "location": null, "logo_url": "https://media.licdn.com/dms/image/C4E0BAQECbCvL393IOw/company-logo_400_400/0/1630595445181/csc_logo?e=1712188800&v=beta&t=2kh_Gr0ov70coOp_clFNVvP0BPVd-N8hrkoWmIsqE6U"}], "education": [{"starts_at": {"day": 1, "month": 1, "year": 1990}, "ends_at": {"day": 31, "month": 12, "year": 1992}, "field_of_study": "Marketing, Communications & Public Relations, Marketing, Communications & Public Relations", "degree_name": "Bachelor of Business", "school": "University of Technology Sydney", "school_linkedin_profile_url": "https://www.linkedin.com/company/166678/", "description": null, "logo_url": "https://media.licdn.com/dms/image/C560BAQHW5Zk21s3IBA/company-logo_400_400/0/1631330781753?e=1712188800&v=beta&t=95UsjO3RjaMzL0gmipQdgfzaNlusOuoUodvcDwLtT90", "grade": null, "activities_and_societies": "Basketball, Rock Climbing, Mountain Bike riding"}, {"starts_at": {"day": 1, "month": 1, "year": 1986}, "ends_at": {"day": 31, "month": 12, "year": 1990}, "field_of_study": "Computer Science & Information Science", "degree_name": "Bachelor of Applied Science", "school": "University of Technology Sydney", "school_linkedin_profile_url": "https://www.linkedin.com/company/166678/", "description": null, "logo_url": "https://media.licdn.com/dms/image/C560BAQHW5Zk21s3IBA/company-logo_400_400/0/1631330781753?e=1712188800&v=beta&t=95UsjO3RjaMzL0gmipQdgfzaNlusOuoUodvcDwLtT90", "grade": null, "activities_and_societies": "UTS Basketball"}, {"starts_at": {"day": 1, "month": 1, "year": 1978}, "ends_at": {"day": 31, "month": 12, "year": 1986}, "field_of_study": "Business/Commerce, General", "degree_name": "Higher School Certificate", "school": "Newington College", "school_linkedin_profile_url": "https://www.linkedin.com/company/452716/", "description": "Newington is a Boys K-12 Day and Boarding School located in Stanmore in the heart of Sydney\u2019s Inner West. It is one of the six founding members of the GPS, an alliance of independent boys\u2019 schools in New South Wales.\n\nFive key \u2018Pillars of Distinction\u2019 set Newington\u2019s priorities and goals into the future: Learning and Teaching for excellence and discovery, Well-being, Character and Service; Spirituality, Values and Ethics; Co-curricular Engagement; and Community in Partnership. ", "logo_url": "https://media.licdn.com/dms/image/C4D0BAQHzYRmLDWWYzQ/company-logo_400_400/0/1631329092500?e=1712188800&v=beta&t=vvFeBhrVhQeeSEq1z8SAxuCKLRC1PACc6CHDwycxslY", "grade": null, "activities_and_societies": null}, {"starts_at": {"day": 1, "month": 1, "year": 2000}, "ends_at": {"day": 31, "month": 12, "year": 2020}, "field_of_study": "Sales, Growth, Innovation, Commercialisation", "degree_name": "Marketing", "school": "Deep Asia Pacific Market Experience", "school_linkedin_profile_url": null, "description": null, "logo_url": null, "grade": "World class", "activities_and_societies": null}], "languages": ["English"], "accomplishment_organisations": [{"starts_at": {"day": 1, "month": 2, "year": 2013}, "ends_at": null, "org_name": "BlueSteps Executives", "title": "Member", "description": "Over 6,000 AESC executive search consultants at 300 search firms worldwide have access to the BlueSteps database to source senior executive talent."}, {"starts_at": {"day": 1, "month": 1, "year": 2006}, "ends_at": null, "org_name": "Asia-Pacific Economic Cooperation - APEC", "title": "Member", "description": "APEC is the premier Asia-Pacific economic forum. The primary goal is to support sustainable economic growth and prosperity in the Asia-Pacific region.\n\nAPEC is united in the drive to build a dynamic and harmonious Asia-Pacific community by championing free and open trade and investment, promoting and accelerating regional economic integration, encouraging economic and technical cooperation, enhancing human security, and facilitating a favorable and sustainable business environment. The initiatives turn policy goals into concrete results and agreements into tangible benefits."}], "accomplishment_publications": [{"name": "Anthony James on Tackling Digital Transformation", "publisher": "Branding in Asia Magazine", "published_on": {"day": 28, "month": 11, "year": 2016}, "description": "Anthony James offers up six tips for keeping pace with innovation.", "url": "http://brandinginasia.com/digital-transformation/"}, {"name": "What Makes A Loyal Customer?", "publisher": "Innovation Enterprise | Chief Strategy Officer", "published_on": {"day": 1, "month": 3, "year": 2016}, "description": "The notion of the \u2018loyal customer\u2019 has been described as a \u2018threatened species\u2019. Commitment to a brand is considered anachronistic, and programs to support loyalty are regarded by some critics as doomed ventures. But I would argue that customer loyalty has been getting a bad rap. And part of the reason for this is that marketers have approached customer loyalty the wrong way, and have focused on locking customers in, rather than attracting new markets.", "url": "https://channels.theinnovationenterprise.com/articles/what-makes-a-loyal-customer"}], "accomplishment_honors_awards": [{"title": "2018 LinkedIn Power Profile - Marketing & Advertising", "issuer": "LinkedIn", "issued_on": {"day": 1, "month": 11, "year": 2018}, "description": "LinkedIn recognise the most viewed professionals on LinkedIn in 2018. Power Profiles have invested in building their professional brand by sharing their insights and perspectives on topics that they are passionate about with others. This year, they showcase 34 professionals across 5 categories \u2013 Social Impact, Small & Medium Business, Marketing & Advertising, Founder & CEO and Human Resources. \n\nThe Power Profiles remind us that we all have our own definition of success and we need to chart our own path. This is what makes us stand out from the rest. I hope these professionals will inspire you to pursue what you are in it for. It could be your family, to retire early, to make your parents proud or build your own business. I am in to challenge myself every day. Whatever you are in it for, there is a community of professionals who are in it together with you \u2013 to support you, guide you and connect you with the right people.\n\nRead the full post and list here: https://www.linkedin.com/feed/update/urn:li:activity:6466095159795904512"}, {"title": "2018 LinkedIn Top Voice - Australia", "issuer": "LinkedIn", "issued_on": {"day": 1, "month": 11, "year": 2018}, "description": "Top marketing and advertising voice on LinkedIn in Australia \n#marketing #advertising #innovation"}], "accomplishment_patents": [{"title": "Wine Cube", "issuer": "US", "issued_on": {"day": 1, "month": 1, "year": 2010}, "description": "A Sample Pack and Method of Providing Product Samples", "application_number": "12/730,517", "patent_number": "12/730,517", "url": null}], "accomplishment_courses": [{"name": "Advanced Presentation Skills", "number": ""}, {"name": "Cross-Cultural Contract Negotation", "number": ""}], "accomplishment_projects": [{"starts_at": {"day": 1, "month": 11, "year": 2010}, "ends_at": null, "title": "Sample Central", "description": "Global franchise development, roll-out of network and partners across international marketing, multi-language SaaS big-data engine processing millions of consumer insights - driving business decision making for MNCs, opening and operating Sample Central stores. Large global B2B Sales.", "url": "http://www.sample-central.com"}], "accomplishment_test_scores": [{"name": "Cognitive Ability Assessment", "score": "99.6%", "date_on": {"day": 1, "month": 11, "year": 2013}, "description": "These assessments measure a different aspect of abilities. The four different tests in the Global Cognitive Index are:\n\nAbstract Reasoning - result 99%\nDeductive Reasoning - result 98%\nQuantitative Ability - result 96%\nVerbal Ability - results 99%"}], "volunteer_work": [{"starts_at": {"day": 1, "month": 3, "year": 2019}, "ends_at": null, "title": "Judge eCommerce Lotus and Media", "cause": "Science and Technology", "company": "ADFEST (Official)", "company_linkedin_profile_url": "https://www.linkedin.com/company/13273926/", "description": "ADFEST is Asia\u2019s most celebrated regional creative festival.\n\nFounded in 1998, ADFEST is the ideal place for the creative industry to gather, network, exchange ideas, and meet new friends.\n\nWith less than 200 delegates its 1st year, ADFEST now welcomes over 1,200 delegates from all over the world each year.\n\nADFEST is included in the WARC Rankings, successor to The Gunn Report. The WARC Rankings combine the winners' lists from the world's most important awards to establish the annual worldwide league tables for the global advertising industry.\n\nIt is the annual creative festival not to be missed to stay at the forefront of the rapidly changing creative, marketing and production industries.\n\nADFEST not only raises the standard of creative excellence in the region, it also celebrates the uniqueness of local culture. It is a learning hub for those in the communication industry through showcasing of the region\u2019s best creative work.", "logo_url": "https://media.licdn.com/dms/image/C560BAQEYpZxhWCH_Ug/company-logo_400_400/0/1630609404042/adfest_official__logo?e=1712188800&v=beta&t=GHZnRHmuMXip7Hw8bn7vVsx-C4FBni5a90SMOeX3tVc"}, {"starts_at": {"day": 1, "month": 2, "year": 2019}, "ends_at": null, "title": "Judge", "cause": "Science and Technology", "company": "Edison Awards and Edison Universe", "company_linkedin_profile_url": "https://www.linkedin.com/company/521313/", "description": "The Edison Awards honor excellence in new product and service development, marketing, human-centered design, and innovation.", "logo_url": "https://media.licdn.com/dms/image/C560BAQGUs0S1Z4aYMQ/company-logo_400_400/0/1631236595202/edison_awards_logo?e=1712188800&v=beta&t=NiRJoCwQSnyAA3Lu-30ZXwN0gqh5rVlNYZx0UgDkHEY"}], "certifications": [{"starts_at": {"day": 1, "month": 6, "year": 2023}, "ends_at": null, "name": "Artificial Intelligence and Business Strategy", "license_number": null, "display_source": "www.linkedin.com", "authority": "LinkedIn", "url": "https://www.linkedin.com/learning/certificates/cc7b16025fe21799a9a795f9c2f2eea36d17217c389b38420fd243d2c02abbdd"}, {"starts_at": {"day": 1, "month": 5, "year": 2023}, "ends_at": null, "name": "Branding Foundations", "license_number": null, "display_source": "www.linkedin.com", "authority": "LinkedIn", "url": "https://www.linkedin.com/learning/certificates/cc7b16025fe21799a9a795f9c2f2eea36d17217c389b38420fd243d2c02abbdd"}], "connections": 29947, "people_also_viewed": [], "recommendations": ["Christian Kampf \u5eb7\u53ef\u5b89\n\n\n\nI wholeheartedly recommend Antony J James as a truly outstanding individual in the digital landscape. Antony's proficiency in content curation and innovation on LinkedIn is second to none. If you're not already following his feed, you're missing out on a daily dose of cutting-edge ideas, creative marketing solutions, and innovative digital concepts. \n\nAntony is not only a strategic thinker but also an exceptional leader and innovator. His extensive experience in the media industry, coupled with a deep understanding of the digital realm, makes him a valuable asset. He consistently demonstrates creativity, knowledge, and unwavering motivation.\n\nEvery time I peruse his LinkedIn feed, I am impressed by the high-quality content he shares. Following Antony on LinkedIn is a decision you won't regret. His insights are not just valuable but also essential for anyone navigating the ever-evolving digital landscape. Don't miss the opportunity to connect with Antony and gain access to his wealth of expertise.", "Dave Crane\n\n\n\nAside from being one of my favourite people in the whole world, a movie buff and huge 80-retro fan (especially Devo), Anthony is a beacon of innovation and growth, whose expertise has been a goldmine for our ventures. \n\nWith a treasure trove of experience spanning three decades, he has an uncanny ability to not only steer the helm amidst the stormy seas of today's business world but also to open doors to new market horizons. \n\nHis leadership at Trinity Consulting Services has been nothing short of transformative, propelling our digital journey forward and ushering in a wave of commercial success. But Anthony's impact doesn't stop at mere business strategies; his mentorship has nurtured a culture of excellence among a talented cadre of consultants and innovators, fostering a shared passion for transformative strategies that is truly inspiring. The visionary approach he showcases at the helm of B2Bx and InfluencerActive is a testament to his masterful command over digital marketing, e-commerce, and social media landscapes. \n\nHis innovative solutions and scalable business models have not only driven remarkable value and impact but have also positioned us at the vanguard of the dynamic Asia Pacific market. What sets Anthony apart is his insatiable curiosity and his knack for exploring new opportunities which is nothing short of contagious. Being under Anthony's wing is synonymous with being on an exhilarating learning expedition, where the boundaries are pushed, and aiming for the stars is the norm. His roles across various ventures exemplify a leader who is not just at the forefront of digital innovation but one who creates a ripple effect of growth and success wherever he sets his foot. \n\nAnthony\u2019s expertise is indeed a confluence of in-depth market knowledge, technical acumen, and an entrepreneurial spirit that is rare to find."], "activities": [], "similarly_named_profiles": [{"name": "Anthony James", "link": "https://www.linkedin.com/in/anthony-james-354166a6", "summary": "Apparel & Design, Chef, Event Planner, Consultant, Artist, Personal Chef", "location": "Portland, OR"}, {"name": "Anthony J. James", "link": "https://uk.linkedin.com/in/anthony-j-james-90267618", "summary": "...", "location": "Copster Green"}], "articles": [], "groups": [{"profile_pic_url": "https://media.licdn.com/dms/image/D5607AQFtv_ebju5jbQ/group-logo_image-shrink_48x48/0/1677745406496?e=1704528000&v=beta&t=zfd0tAufWyDRTMvb5DEt8q4vCllRTm0YtiSuz5CUGX8", "name": "The AR/VR Hub", "url": "https://www.linkedin.com/groups/14190642"}, {"profile_pic_url": "https://media.licdn.com/dms/image/C5107AQFwYOR8neMhrg/group-logo_image-shrink_400x400/0/1631004977844?e=1704528000&v=beta&t=pIlRATy0F4bkk-b873ClmNxBhKQ8e3qeGwlEhpS95P8", "name": "Old Newingtonians Union - ONU", "url": "https://www.linkedin.com/groups/2553934"}], "skills": [], "inferred_salary": null, "gender": null, "birth_date": null, "industry": null, "extra": null, "interests": [], "personal_emails": ["aj@asktrinity.com"], "personal_numbers": []}
