{"public_identifier": "alfredo-garrachon", "profile_pic_url": "https://s3.us-west-000.backblazeb2.com/proxycurl/person/alfredo-garrachon/profile?X-Amz-Algorithm=AWS4-HMAC-SHA256&X-Amz-Credential=0004d7f56a0400b0000000001%2F20240303%2Fus-west-000%2Fs3%2Faws4_request&X-Amz-Date=20240303T232558Z&X-Amz-Expires=3600&X-Amz-SignedHeaders=host&X-Amz-Signature=66de0cb66886ee32973cd0a0b42d07c22b063ec85310537f3033dfcf992059cd", "background_cover_image_url": "https://s3.us-west-000.backblazeb2.com/proxycurl/person/alfredo-garrachon/cover?X-Amz-Algorithm=AWS4-HMAC-SHA256&X-Amz-Credential=0004d7f56a0400b0000000001%2F20240303%2Fus-west-000%2Fs3%2Faws4_request&X-Amz-Date=20240303T232558Z&X-Amz-Expires=3600&X-Amz-SignedHeaders=host&X-Amz-Signature=2b685d0ff65acdd5f545e33cb8bd965c85c65bcb9af9daccb4843e8c60ca6148", "first_name": "Alfredo", "last_name": "Garrachon", "full_name": "Alfredo Garrachon", "follower_count": 402, "occupation": "Researcher Alexa Prize at Amazon", "headline": "Dual degree student | Master in Computer Science - Artificial Intelligence | MSc Telecommunication Engineering", "summary": "https://github.com/Garrachonr", "country": "US", "country_full_name": "United States of America", "city": "Chicago", "state": "Illinois", "experiences": [{"starts_at": {"day": 1, "month": 10, "year": 2022}, "ends_at": {"day": 30, "month": 9, "year": 2023}, "company": "Amazon", "company_linkedin_profile_url": "https://www.linkedin.com/company/amazon", "title": "Researcher Alexa Prize", "description": "Member of the \"Thaurus\" team in the tournament organized by Amazon \"Alexa Prize\". Research and development of a multimodal conversational agent with the aim of accelerating the field of artificial intelligence.\n\nThis agent is associated with a large number of models belonging to the state of the art of NLP both deep learning and machine learning for the generation, classification and processing of the conversation. Thus, we have also designed and studied the way in which the user interacts with the agent to optimize the conversation and deliver useful information.\n\nMy contribution to the team has been mainly the research, development and fine-tuning of generative text models, both small and LLMs: LLaMA, Godel, DialogGPT, Vicuna..... I have also been in charge of the complicated architecture involved in a bot with so many different states and processes, interconnection of docker modules, operability in AWS and internal logic for a good development of the conversation in the choice of modules depending on the state of it.\n\nRepresenting one of the two participating European universities (Polit\u00e9cnica de Madrid) and competing against 7 other US universities.", "location": "Boston, Massachusetts, Estados Unidos \u00b7 Remote", "logo_url": "https://media.licdn.com/dms/image/C560BAQHTvZwCx4p2Qg/company-logo_400_400/0/1630640869849/amazon_logo?e=1717632000&v=beta&t=31DGmAHEZeEUbhwqNTGSNveoJb6EVla1A9FRf94uCn0"}, {"starts_at": {"day": 1, "month": 11, "year": 2022}, "ends_at": {"day": 31, "month": 7, "year": 2023}, "company": "Universidad Polit\u00e9cnica de Madrid", "company_linkedin_profile_url": "https://www.linkedin.com/company/universidad-politecnica-de-madrid", "title": "Deep Learning Researcher", "description": "Research and development of a generative chatbot in Spanish for the Community of Madrid (Open-sourced on Hugging Face). Data preprocessing, large language model (LLM) finetuning, training optimization techniques.", "location": "Madrid, Comunidad de Madrid, Espa\u00f1a", "logo_url": "https://media.licdn.com/dms/image/D4D0BAQHJPlcA68PA2Q/company-logo_400_400/0/1686904766811/universidad_politecnica_de_madrid_logo?e=1717632000&v=beta&t=yxg3h7Q1mtAACW6v49m0WBf1yBiU-fef-zBlGJsuUzk"}, {"starts_at": {"day": 1, "month": 2, "year": 2022}, "ends_at": {"day": 30, "month": 4, "year": 2022}, "company": "EY", "company_linkedin_profile_url": "https://www.linkedin.com/company/ernstandyoung", "title": "Consultant I + D Intern", "description": "Consultant on research technological innovation projects. Study these and see if they are suitable to be classified as such and therefore to obtain national or European aid.", "location": "Madrid, Spain", "logo_url": "https://media.licdn.com/dms/image/C510BAQGpRhkpxp5A9A/company-logo_400_400/0/1630570672166/ernstandyoung_logo?e=1717632000&v=beta&t=WEn4UG1wuYr0-0KQm3MB9PwENaqCFC13uzw-HCqQCes"}, {"starts_at": {"day": 1, "month": 9, "year": 2021}, "ends_at": {"day": 31, "month": 1, "year": 2022}, "company": "Atos", "company_linkedin_profile_url": "https://www.linkedin.com/company/atos", "title": "Digital Transformation Consultant Intern", "description": "Learning and experience in Process Mining and Execution Management. Course and master on the Celonis tool for the analysis of processes within a company and how to solve them.", "location": "Madrid, Spain", "logo_url": "https://media.licdn.com/dms/image/D4D0BAQEYl-E6odacMA/company-logo_400_400/0/1688547764067/atos_logo?e=1717632000&v=beta&t=BYkGhwhkW1ha8AE6AMETmR8iRfTu7gSw3_SW1VFhOlg"}], "education": [{"starts_at": {"day": 1, "month": 8, "year": 2023}, "ends_at": {"day": 30, "month": 6, "year": 2024}, "field_of_study": "Artificial Intelligence", "degree_name": "Master of Computer Science Specialised in Artificial Intelligence", "school": "Illinois Institute of Technology", "school_linkedin_profile_url": "https://www.linkedin.com/company/6328/", "description": "Skills: Artificial Intelligence \u00b7 Machine Learning \u00b7 Deep Learning \u00b7 Natural Language Processing", "logo_url": "https://media.licdn.com/dms/image/C4D0BAQEd6wnmQCCIHw/company-logo_400_400/0/1630559679535/illinois_institute_of_technology_logo?e=1717632000&v=beta&t=9_wR1v9lt8WVPSux8a585YLwqzmyIqxwEYp0mHeXRL0", "grade": null, "activities_and_societies": null}, {"starts_at": {"day": 1, "month": 9, "year": 2022}, "ends_at": {"day": 30, "month": 6, "year": 2024}, "field_of_study": "Telecommunication Engineering", "degree_name": "Master of Science in Telecommunication Engineering", "school": "Universidad Polit\u00e9cnica de Madrid", "school_linkedin_profile_url": "https://www.linkedin.com/company/universidad-politecnica-de-madrid", "description": "Skills: Python \u00b7 MongoDB \u00b7 Docker \u00b7 Data Science \u00b7 Machine Learning \u00b7 Kubernetes", "logo_url": "https://media.licdn.com/dms/image/D4D0BAQHJPlcA68PA2Q/company-logo_400_400/0/1686904766811/universidad_politecnica_de_madrid_logo?e=1717632000&v=beta&t=yxg3h7Q1mtAACW6v49m0WBf1yBiU-fef-zBlGJsuUzk", "grade": null, "activities_and_societies": "English Class"}, {"starts_at": {"day": 1, "month": 1, "year": 2018}, "ends_at": {"day": 31, "month": 12, "year": 2022}, "field_of_study": "Engineering in Telecommunication Technologies", "degree_name": "Bachelor of Engineering in Telecommunication Technologies and Services", "school": "Universidad Polit\u00e9cnica de Madrid", "school_linkedin_profile_url": "https://www.linkedin.com/company/universidad-politecnica-de-madrid", "description": "16 Honours.\nPercentile promotion: 97,18%", "logo_url": "https://media.licdn.com/dms/image/D4D0BAQHJPlcA68PA2Q/company-logo_400_400/0/1686904766811/universidad_politecnica_de_madrid_logo?e=1717632000&v=beta&t=yxg3h7Q1mtAACW6v49m0WBf1yBiU-fef-zBlGJsuUzk", "grade": "8.6", "activities_and_societies": "Academic Group"}], "languages": ["Espa\u00f1ol", "Ingl\u00e9s"], "accomplishment_organisations": [], "accomplishment_publications": [], "accomplishment_honors_awards": [{"title": "Scholarship Studying abroad USA", "issuer": "Polytechnic University of Madrid", "issued_on": {"day": 1, "month": 7, "year": 2023}, "description": "Scholarship to study in the United States awarded for academic performance"}, {"title": "Scholarship for academic excellence", "issuer": "Ministry of Education and Research", "issued_on": {"day": 1, "month": 7, "year": 2022}, "description": "Scholarship for academic excellence at university awarded by the Ministry of Spain"}], "accomplishment_patents": [], "accomplishment_courses": [], "accomplishment_projects": [{"starts_at": {"day": 1, "month": 10, "year": 2023}, "ends_at": {"day": 31, "month": 12, "year": 2023}, "title": "Artificial Intelligence Approach for Optimization and Refinement of Psychological Analysis", "description": "This project explores the application of deep learning and machine learning techniques to enhance psychological testing. Centered on investigating the feasibility of reducing the number of questions in a psychological test without compromising the validity of the results.\n\nThe conclusions of this projects aim to answer the following reflection: it is preferable to maintain the number of original questions with ideally more valid results or to reduce the number of questions so that the user is more likely to take the test and maintain attention during the test despite theoretically not having full accuracy.\n\nTo answer this, deep learning and machine learning techniques are employed. The methodology includes researching the theory and basis of the most commonly used psychological tests, training different models with data open source data from a psychological test, using different feature selection techniques to identify the most relevant questions, and then training optimized models with a reduced number of features to compare the outcomes.\n\nFor more information, results, references and description of the project, please refer to the paper. To reproduce the results, please refer to the repository", "url": null}, {"starts_at": {"day": 1, "month": 10, "year": 2022}, "ends_at": {"day": 30, "month": 9, "year": 2023}, "title": "THAURUS: An innovative multimodal chatbot based on the next generation of conversational AI", "description": "The next generation of conversational AI has brought incredible capabilities such as high contextuality, naturalness, multimodality, and extended knowledge, but also important challenges such as high user expectations, high latencies, large computa- tional requirements, as well as more subtle problems such as mismatch on existing databases for fine-tuning purposes, difficulties for pre-trained LLMs models to handle dialogue interactions, and the integration of multimodal capabilities.\n\nThis paper describes the architecture, methodology, and results of our THAURUS chatbot developed for the Alexa Prize Socialbot Grand Challenge (SGC5). Our proposal relies on several innovative ideas to take advantage of existing LLMs to create engaging user experiences that are capable of handling real users in a scalable way and without compromising the competition rules. Different SotA dialogue generators were fine-tuned and incorporated to give variability and handling the wide range of topic conversations; we also developed mechanisms to control the quality of the responses (e.g., detecting and handling toxic interactions, keeping topic coherence, and increasing engagement by providing up-to-date information in a conversational style).\n\nIn addition, our system extends the capabilities of the Cobot architecture by in- corporating modules to automatically generate images, provide voice cloning capabilities with fictional characters, serve contextual sounds for detected entities in the dialogue, better capitalization and punctuation capabilities, and to provide natural expressions of interest.\n\nFinally, we also included a trained generative selector and a reference-free model for automatic evaluation of turns that could reduce latencies and complement the ranker\u2019s capabilities to select the best generative answer.", "url": null}], "accomplishment_test_scores": [], "volunteer_work": [], "certifications": [{"starts_at": {"day": 1, "month": 9, "year": 2022}, "ends_at": null, "name": "TOEFL iBT Score 103/120", "license_number": "5585 2092 2668 0008", "display_source": null, "authority": "ETS", "url": null}, {"starts_at": {"day": 1, "month": 5, "year": 2022}, "ends_at": null, "name": "AI-900 Azure AI Fundamentals", "license_number": "41785369", "display_source": "www.credly.com", "authority": "Microsoft", "url": "https://www.credly.com/badges/cb30816e-7c8d-4260-a108-c57973d8187b/public_url"}], "connections": 392, "people_also_viewed": [{"link": "https://www.linkedin.com/in/julen-diaz-fernandez?miniProfileUrn=urn%3Ali%3Afs_miniProfile%3AACoAAEumxCUBB8WTw6t7EezYCZ8B4NkuEDp-aRQ", "name": "Julen Diaz Fernandez", "summary": "Dual Degree student | M. Eng. Energy Systems, Energy Transmission and Markets Track @IIT | MSc in Industrial Engineering @UPM", "location": null}, {"link": "https://www.linkedin.com/in/pablo-picaza-86a486295?miniProfileUrn=urn%3Ali%3Afs_miniProfile%3AACoAAEdwdVIBEMwzjunBBXuODmBqoHF3Lrq1uIw", "name": "Pablo Picaza", "summary": "Student at Universidad Polit\u00e9cnica de Madrid", "location": null}, {"link": "https://www.linkedin.com/in/shreya-j-9b49691a0?miniProfileUrn=urn%3Ali%3Afs_miniProfile%3AACoAAC8g1FgBJjUBmVy8RRSdknVZA91BfavfZKk", "name": "Shreya J.", "summary": "Graduate Student @Illinois Institute of Technology | Master's in Computer Science | Ex-Data Analyst @Excelerate.", "location": null}, {"link": "https://www.linkedin.com/in/juan-pedrajas-897b801b3?miniProfileUrn=urn%3Ali%3Afs_miniProfile%3AACoAADHUQPMB2FW9EkNw4P6Yo1uH1dQtnzepBNw", "name": "Juan Pedrajas", "summary": "Software Engeneer", "location": null}, {"link": "https://www.linkedin.com/in/lauramunozherranz?miniProfileUrn=urn%3Ali%3Afs_miniProfile%3AACoAADoIQVoBLGb_Pizj_6BSzkQ7fpWtDgCRU_c", "name": "Laura Mu\u00f1oz Herranz", "summary": "Dual degree student | Master in Electricity Markets - IIT | Msc in Industrial Engineering - UPM", "location": null}], "recommendations": [], "activities": [], "similarly_named_profiles": [], "articles": [], "groups": [{"profile_pic_url": "https://media.licdn.com/dms/image/C5607AQHkNNQ7VJct-A/group-logo_image-shrink_400x400/0/1630997527396?e=1710115200&v=beta&t=9OiHqpaURZCFkzXZJQbapHlLg60BNhxQhLTjcIsq-mY", "name": "Data Science Community (moderated)", "url": "https://www.linkedin.com/groups/3063585"}], "skills": [], "inferred_salary": null, "gender": null, "birth_date": null, "industry": null, "extra": null, "interests": [], "personal_emails": [], "personal_numbers": []}
