{"public_identifier": "angelwilson36", "profile_pic_url": "https://s3.us-west-000.backblazeb2.com/proxycurl/person/angelwilson36/profile?X-Amz-Algorithm=AWS4-HMAC-SHA256&X-Amz-Credential=0004d7f56a0400b0000000001%2F20240303%2Fus-west-000%2Fs3%2Faws4_request&X-Amz-Date=20240303T205803Z&X-Amz-Expires=3600&X-Amz-SignedHeaders=host&X-Amz-Signature=79817f6401abf95b2f175dab61fd833734cb1b569d834beebb82b4ffd48da2d0", "background_cover_image_url": "https://s3.us-west-000.backblazeb2.com/proxycurl/person/angelwilson36/cover?X-Amz-Algorithm=AWS4-HMAC-SHA256&X-Amz-Credential=0004d7f56a0400b0000000001%2F20240303%2Fus-west-000%2Fs3%2Faws4_request&X-Amz-Date=20240303T205803Z&X-Amz-Expires=3600&X-Amz-SignedHeaders=host&X-Amz-Signature=aa8231d6e680d7e1b4eaad7e168bbc6feb405fb8e6d13ccecdf3fe322f062010", "first_name": "Angel", "last_name": "Wilson, Ed.D.", "full_name": "Angel Wilson, Ed.D.", "follower_count": 7202, "occupation": "Assistant Superintendent of Secondary School Leadership at Austin Independent School District", "headline": "Assistant Superintendent of Secondary School Leadership in the Office of Teaching, Learning, and Leading", "summary": "Committed to the relentless pursuit of equity and excellence for all. This is a calling for me; not a job. I am on assignment. What excites me the most is connecting with others who are purpose driven. I am a passionate advocate for students, teachers, and principals, especially those who serve in historically disenfranchised communities. I won\u2019t rest until they win. ", "country": "US", "country_full_name": "United States of America", "city": "Houston", "state": "Texas", "experiences": [{"starts_at": {"day": 1, "month": 6, "year": 2023}, "ends_at": null, "company": "Austin Independent School District", "company_linkedin_profile_url": "https://www.linkedin.com/company/aisd", "title": "Assistant Superintendent of Secondary School Leadership", "description": "Proud to serve all middle schools and high schools in the Office of Teaching, Learning, and Leading in Austin ISD. Home of the best talent on the planet. Come grow with us!", "location": null, "logo_url": "https://media.licdn.com/dms/image/C4E0BAQH4NNB7HcH82g/company-logo_400_400/0/1631300827282?e=1713398400&v=beta&t=GXjtS3gM8a4xXWPxgXIv-IyEdvqGnVej0Thdk6wLh1w"}, {"starts_at": {"day": 1, "month": 6, "year": 2022}, "ends_at": {"day": 31, "month": 5, "year": 2023}, "company": "Austin Independent School District", "company_linkedin_profile_url": "https://www.linkedin.com/company/aisd", "title": "Executive Director- School Leadership and Support for Secondary Campuses", "description": null, "location": null, "logo_url": "https://media.licdn.com/dms/image/C4E0BAQH4NNB7HcH82g/company-logo_400_400/0/1631300827282?e=1713398400&v=beta&t=GXjtS3gM8a4xXWPxgXIv-IyEdvqGnVej0Thdk6wLh1w"}, {"starts_at": {"day": 1, "month": 7, "year": 2021}, "ends_at": {"day": 31, "month": 7, "year": 2022}, "company": "Austin Independent School District", "company_linkedin_profile_url": "https://www.linkedin.com/company/aisd", "title": "Director of Leadership Development and Support", "description": "Designed and facilitated high-impact professional learning experiences for current and aspiring assistant principals and principals. Coached and developed leaders. Managed internal and external cohorts, partnerships, and leadership networks focused on strengthening the principal pipeline. ", "location": "Austin, Texas, United States", "logo_url": "https://media.licdn.com/dms/image/C4E0BAQH4NNB7HcH82g/company-logo_400_400/0/1631300827282?e=1713398400&v=beta&t=GXjtS3gM8a4xXWPxgXIv-IyEdvqGnVej0Thdk6wLh1w"}, {"starts_at": {"day": 1, "month": 2, "year": 2017}, "ends_at": {"day": 31, "month": 7, "year": 2021}, "company": "Houston ISD", "company_linkedin_profile_url": "https://www.linkedin.com/company/houston-isd", "title": "Principal (ES and MS)", "description": "Visionary of the most amazing faculty and staff and the greatest scholars on earth! (Led an elementary and middle school campus).", "location": null, "logo_url": "https://media.licdn.com/dms/image/C4E0BAQH5ICSgEXYSXQ/company-logo_400_400/0/1631301125025?e=1713398400&v=beta&t=jBrNjHSKoJWodPxbyUPFRvZBq8vF-uenJqRuADb8CC8"}, {"starts_at": {"day": 1, "month": 7, "year": 2013}, "ends_at": {"day": 28, "month": 2, "year": 2017}, "company": "Houston ISD", "company_linkedin_profile_url": "https://www.linkedin.com/company/houston-isd", "title": "Assistant Principal (ES and MS)", "description": "6th grade Assistant Principal and Literacy Department Manager", "location": "Houston, Texas", "logo_url": "https://media.licdn.com/dms/image/C4E0BAQH5ICSgEXYSXQ/company-logo_400_400/0/1631301125025?e=1713398400&v=beta&t=jBrNjHSKoJWodPxbyUPFRvZBq8vF-uenJqRuADb8CC8"}, {"starts_at": {"day": 1, "month": 7, "year": 2011}, "ends_at": {"day": 31, "month": 7, "year": 2013}, "company": "Houston ISD", "company_linkedin_profile_url": "https://www.linkedin.com/company/houston-isd", "title": "Elementary Teacher Development Specialist", "description": "Provided job embedded professional development to a caseload of campuses (teachers and leadership teams). Helped to design and implement curriculum and assessments along with high quality professional development sessions and PLC modules to leverage support across the district.", "location": "Houston, Texas", "logo_url": "https://media.licdn.com/dms/image/C4E0BAQH5ICSgEXYSXQ/company-logo_400_400/0/1631301125025?e=1713398400&v=beta&t=jBrNjHSKoJWodPxbyUPFRvZBq8vF-uenJqRuADb8CC8"}, {"starts_at": {"day": 1, "month": 12, "year": 2005}, "ends_at": {"day": 31, "month": 7, "year": 2008}, "company": "Fort Bend ISD", "company_linkedin_profile_url": "https://www.linkedin.com/company/fortbendisd", "title": "Teacher", "description": null, "location": "Missouri City, Texas", "logo_url": "https://media.licdn.com/dms/image/C4E0BAQGVpj2K6htUqQ/company-logo_400_400/0/1630632508049/fort_bend_isd_logo?e=1713398400&v=beta&t=maNVKPHI4eC5Ix9dxK8u5QQ-FtS2z_aAlFtUl5PpPdI"}], "education": [{"starts_at": {"day": 1, "month": 1, "year": 2018}, "ends_at": {"day": 31, "month": 5, "year": 2022}, "field_of_study": "Higher Education/Higher Education Administration", "degree_name": "Doctor of Education - EdD", "school": "The University of Texas at Austin", "school_linkedin_profile_url": "https://www.linkedin.com/company/3162/", "description": "Cooperative Superintendency Program", "logo_url": "https://media.licdn.com/dms/image/C560BAQEREeDg1PACXA/company-logo_400_400/0/1630670868977/theuniversityoftexasataustin__logo?e=1713398400&v=beta&t=ZwJDOV---uLVAWfVxaSZX2ufzJUzGFZwhOC4D3GqkrM", "grade": null, "activities_and_societies": null}, {"starts_at": {"day": 1, "month": 1, "year": 2006}, "ends_at": {"day": 31, "month": 12, "year": 2008}, "field_of_study": "Educational Leadership and Administration, General", "degree_name": "Educational Administration", "school": "Prairie View A&M University", "school_linkedin_profile_url": "https://www.linkedin.com/company/23719/", "description": null, "logo_url": "https://media.licdn.com/dms/image/D560BAQE71wJLwrLj6Q/company-logo_400_400/0/1692049607026?e=1713398400&v=beta&t=2vmg0s-q-YTJ4PvMrky041FqkcYWbf2e1bRSQiH60cs", "grade": null, "activities_and_societies": null}, {"starts_at": {"day": 1, "month": 1, "year": 2002}, "ends_at": {"day": 31, "month": 12, "year": 2005}, "field_of_study": "Elementary Education and Teaching", "degree_name": "Bachelor of Science - BS", "school": "Prairie View A&M University", "school_linkedin_profile_url": "https://www.linkedin.com/company/23719/", "description": null, "logo_url": "https://media.licdn.com/dms/image/D560BAQE71wJLwrLj6Q/company-logo_400_400/0/1692049607026?e=1713398400&v=beta&t=2vmg0s-q-YTJ4PvMrky041FqkcYWbf2e1bRSQiH60cs", "grade": null, "activities_and_societies": null}, {"starts_at": null, "ends_at": null, "field_of_study": null, "degree_name": "Bachelor of Science - BS", "school": "Prairie View A&M University", "school_linkedin_profile_url": "https://www.linkedin.com/company/23719/", "description": null, "logo_url": "https://media.licdn.com/dms/image/D560BAQE71wJLwrLj6Q/company-logo_400_400/0/1692049607026?e=1713398400&v=beta&t=2vmg0s-q-YTJ4PvMrky041FqkcYWbf2e1bRSQiH60cs", "grade": null, "activities_and_societies": null}], "languages": [], "accomplishment_organisations": [], "accomplishment_publications": [], "accomplishment_honors_awards": [], "accomplishment_patents": [], "accomplishment_courses": [], "accomplishment_projects": [], "accomplishment_test_scores": [], "volunteer_work": [], "certifications": [], "connections": 828, "people_also_viewed": [{"link": "https://www.linkedin.com/in/lindsiealmquist", "name": "Lindsie O\u2019Neill Almquist, Ed.D.", "summary": "Believer, Wife, Momma, President, Chief Culture Officer, Speaker, Consultant, Adjunct Professor, & Co-Author", "location": null}, {"link": "https://www.linkedin.com/in/kbailey08", "name": "Katrina Bailey, Ed.D.", "summary": "Executive Director of School Leadership", "location": null}, {"link": "https://www.linkedin.com/in/iranetta-rayborn-wright-00053937", "name": "Iranetta Rayborn Wright", "summary": "Superintendent and CEO, Cincinnati Public Schools", "location": null}, {"link": "https://www.linkedin.com/in/keishascarlett", "name": "Keisha Scarlett, Ed.D.", "summary": "Superintendent at Saint Louis Public Schools with a proven reputation for leading for high-quality outcomes for students. Innovative educational leader skilled in cultivating relationships with cross-sector stakeholders", "location": null}, {"link": "https://www.linkedin.com/in/dr-anthony-mays-75a5984", "name": "Dr. Anthony Mays", "summary": "Superintendent at Alief Independent School District", "location": null}], "recommendations": [], "activities": [], "similarly_named_profiles": [], "articles": [], "groups": [{"profile_pic_url": "https://media.licdn.com/dms/image/C4E07AQGPCSnAmfdk7A/group-logo_image-shrink_400x400/0/1630999149854?e=1706216400&v=beta&t=aH7biYxQwkpJkaAXpgeY2JC1Z-rzyg1rnr-fLPUVT_o", "name": "The Leadership Development Group www.theLDG.org", "url": "https://www.linkedin.com/groups/2821289"}], "skills": [], "inferred_salary": null, "gender": null, "birth_date": null, "industry": null, "extra": null, "interests": [], "personal_emails": [], "personal_numbers": []}
