{"public_identifier": "aravind-ellandula-a23163206", "profile_pic_url": "https://media.licdn.com/dms/image/D5603AQHY_9ZBWmop9g/profile-displayphoto-shrink_400_400/0/1668577979014?e=1715212800&v=beta&t=7jmtvN74fPdP9bVv2bqgEDVLHacRHIfdknXCYCMwymE", "background_cover_image_url": null, "first_name": "Aravind", "last_name": "Ellandula", "full_name": "Aravind Ellandula", "follower_count": 1222, "occupation": null, "headline": "Bachelor of Engineering - BE at MVSR Engineering College", "summary": null, "country": "US", "country_full_name": "United States of America", "city": "Chicago", "state": "Illinois", "experiences": [], "education": [{"starts_at": {"day": 1, "month": 8, "year": 2023}, "ends_at": {"day": 31, "month": 5, "year": 2025}, "field_of_study": "Information Technology and Management - Data Analytics", "degree_name": "Master's degree", "school": "Illinois Institute of Technology", "school_linkedin_profile_url": "https://www.linkedin.com/company/6328/", "description": null, "logo_url": "https://media.licdn.com/dms/image/C4D0BAQEd6wnmQCCIHw/company-logo_400_400/0/1630559679535/illinois_institute_of_technology_logo?e=1717632000&v=beta&t=9_wR1v9lt8WVPSux8a585YLwqzmyIqxwEYp0mHeXRL0", "grade": null, "activities_and_societies": null}, {"starts_at": {"day": 1, "month": 1, "year": 2015}, "ends_at": {"day": 31, "month": 12, "year": 2020}, "field_of_study": "Electrical, Electronics and Communications Engineering", "degree_name": "Bachelor of Engineering - BE", "school": "MVSR Engineering College", "school_linkedin_profile_url": "https://www.linkedin.com/company/9165422/", "description": null, "logo_url": null, "grade": null, "activities_and_societies": null}], "languages": [], "accomplishment_organisations": [], "accomplishment_publications": [], "accomplishment_honors_awards": [], "accomplishment_patents": [], "accomplishment_courses": [], "accomplishment_projects": [], "accomplishment_test_scores": [], "volunteer_work": [], "certifications": [], "connections": 1226, "people_also_viewed": [], "recommendations": [], "activities": [], "similarly_named_profiles": [], "articles": [], "groups": [{"profile_pic_url": "https://media.licdn.com/dms/image/C4D07AQHQyoqpbvwhLA/group-logo_image-shrink_48x48/0/1538129557777?e=1710280800&v=beta&t=Lzfeun9NxN10-tjA1x8UxMvkSrANBFX6jQ8Qk0hzje4", "name": "Machine Learning Community (Moderated)", "url": "https://www.linkedin.com/groups/961087"}, {"profile_pic_url": "https://media.licdn.com/dms/image/C4D07AQFpa3q3JBBuUw/group-logo_image-shrink_48x48/0/1641725275905?e=1710280800&v=beta&t=IEZ51qBHTgojfyA8dWH0DVKO65fGg8GEctLob962CsQ", "name": "Power BI:  Business Intelligence Dashboards, Analysis for Analysts & Chief Operating Officers", "url": "https://www.linkedin.com/groups/8256390"}], "skills": [], "inferred_salary": null, "gender": null, "birth_date": null, "industry": null, "extra": null, "interests": [], "personal_emails": [], "personal_numbers": []}
