{"public_identifier": "ayutialgur", "profile_pic_url": "https://s3.us-west-000.backblazeb2.com/proxycurl/person/ayutialgur/profile?X-Amz-Algorithm=AWS4-HMAC-SHA256&X-Amz-Credential=0004d7f56a0400b0000000001%2F20240305%2Fus-west-000%2Fs3%2Faws4_request&X-Amz-Date=20240305T223228Z&X-Amz-Expires=3600&X-Amz-SignedHeaders=host&X-Amz-Signature=baef6533adcad0390623b940be38b5cea1cdb2eab73b92d9bef7c9b8870b6a17", "background_cover_image_url": null, "first_name": "Ayuti", "last_name": "Algur", "full_name": "Ayuti Algur", "follower_count": 328, "occupation": "Associate Consultant at Capgemini", "headline": "Master of Cybersecurity @Illinois Tech | Class of 2025 | Seeking Summer 2024 Internship | Cybersecurity | Former Associate Consultant @Capgemini", "summary": "Experienced IT Professional with 2.8 years of hands-on industry experience & a passion for Cybersecurity and a drive for excellence. Currently pursuing a Master's in Cybersecurity at Illinois Institute of Technology, Chicago, I'm recognized for my precise analytical abilities, unwavering attention to detail, and a collaborative spirit that fosters seamless teamwork. My track record of consistently delivering projects on-time underscores my dedication and reliability. Now, I'm determined to enhance my skills and elevate my impact in the field of cybersecurity. Eager to embark on a cybersecurity internship journey that promises innovation, growth, and real-world impact.", "country": "US", "country_full_name": "United States of America", "city": "Chicago", "state": "Illinois", "experiences": [{"starts_at": {"day": 1, "month": 1, "year": 2023}, "ends_at": {"day": 31, "month": 7, "year": 2023}, "company": "Capgemini", "company_linkedin_profile_url": "https://www.linkedin.com/company/capgemini/", "title": "Associate Consultant", "description": null, "location": "Pune, Maharashtra, India", "logo_url": "https://media.licdn.com/dms/image/D560BAQF_q1awsuPNAg/company-logo_400_400/0/1688232761552?e=1706745600&v=beta&t=tOtPLMfXi45wuPzlLaVWrOcHbChgQhw4w0CFf1ynnVs"}, {"starts_at": {"day": 1, "month": 12, "year": 2021}, "ends_at": {"day": 31, "month": 1, "year": 2023}, "company": "Capgemini", "company_linkedin_profile_url": "https://www.linkedin.com/company/capgemini/", "title": "Senior Software Engineer", "description": null, "location": "Pune, Maharashtra, India", "logo_url": "https://media.licdn.com/dms/image/D560BAQF_q1awsuPNAg/company-logo_400_400/0/1688232761552?e=1706745600&v=beta&t=tOtPLMfXi45wuPzlLaVWrOcHbChgQhw4w0CFf1ynnVs"}, {"starts_at": {"day": 1, "month": 11, "year": 2020}, "ends_at": {"day": 31, "month": 12, "year": 2021}, "company": "Capgemini", "company_linkedin_profile_url": "https://www.linkedin.com/company/capgemini/", "title": "Software Engineer", "description": null, "location": "Pune, Maharashtra, India", "logo_url": "https://media.licdn.com/dms/image/D560BAQF_q1awsuPNAg/company-logo_400_400/0/1688232761552?e=1706745600&v=beta&t=tOtPLMfXi45wuPzlLaVWrOcHbChgQhw4w0CFf1ynnVs"}], "education": [{"starts_at": {"day": 1, "month": 8, "year": 2023}, "ends_at": {"day": 31, "month": 8, "year": 2025}, "field_of_study": "Cybersecurity", "degree_name": "Master of Cybersecurity", "school": "Illinois Institute of Technology", "school_linkedin_profile_url": null, "description": null, "logo_url": "https://media.licdn.com/dms/image/C4D0BAQEd6wnmQCCIHw/company-logo_400_400/0/1556827665561?e=1706745600&v=beta&t=pGJ7PqqwXQDXw4BxgJwcgf8Tpm0lZJMUJQcBiE6VyyM", "grade": null, "activities_and_societies": null}, {"starts_at": {"day": 1, "month": 1, "year": 2016}, "ends_at": {"day": 31, "month": 1, "year": 2020}, "field_of_study": "Electronics Engineering", "degree_name": "Bachelor of Technology - BTech", "school": "DKTE'S Textile and Engineering Institute - An Empowered Autonomous Institute", "school_linkedin_profile_url": null, "description": null, "logo_url": "https://media.licdn.com/dms/image/C4D0BAQEhpfrLXKuG_Q/company-logo_400_400/0/1519896453484?e=1706745600&v=beta&t=gbpbI73CIsR_C8mtb7OAH2ft8a_-Elo8FrgKjpdwtuE", "grade": null, "activities_and_societies": null}], "languages": [], "accomplishment_organisations": [], "accomplishment_publications": [{"name": "IOT based Smart Shopping System", "publisher": "International Journal of Research in Engineering, Science and Management", "published_on": {"day": 1, "month": 1, "year": 2020}, "description": null, "url": "https://www.ijresm.com/articles/iot-based-smart-shopping-system/"}], "accomplishment_honors_awards": [], "accomplishment_patents": [], "accomplishment_courses": [], "accomplishment_projects": [], "accomplishment_test_scores": [], "volunteer_work": [], "certifications": [{"starts_at": {"day": 1, "month": 7, "year": 2020}, "ends_at": null, "name": "Ethical Hacking: Cryptography", "license_number": null, "display_source": "linkedin.com", "authority": "LinkedIn", "url": "https://www.linkedin.com/learning/certificates/945b45a13235ac245d25241f9cbd3aadc836723585ba1d769cb77d75cff6b2d5?trk=backfilled_certificate"}, {"starts_at": {"day": 1, "month": 7, "year": 2020}, "ends_at": null, "name": "Ethical Hacking: Hacking Web Servers and Web Applications", "license_number": null, "display_source": "linkedin.com", "authority": "LinkedIn", "url": "https://www.linkedin.com/learning/certificates/74077a54cb7845cd0a629715cf9a285796c34354fd5e362310797085ff481ab8?trk=backfilled_certificate"}, {"starts_at": {"day": 1, "month": 7, "year": 2020}, "ends_at": null, "name": "Introduction to Quantum Cryptography", "license_number": null, "display_source": "linkedin.com", "authority": "LinkedIn", "url": "https://www.linkedin.com/learning/certificates/b0016a0eabb69bf43067a17ff59ff635c6e8b06a44d90708298f2dc6547865d2?trk=backfilled_certificate"}, {"starts_at": {"day": 1, "month": 3, "year": 2020}, "ends_at": null, "name": "Ethical Hacking", "license_number": "8B6305FB-8E7A-3B94-8C7E-560B9E9E4181 ", "display_source": "internshala.com", "authority": "Internshala", "url": "https://trainings.internshala.com/verify_certificate"}, {"starts_at": {"day": 1, "month": 1, "year": 2020}, "ends_at": null, "name": "MTA: Introduction to Programming Using Python - Certified 2020", "license_number": "wyvwc-48CC", "display_source": "youracclaim.com", "authority": null, "url": "https://www.youracclaim.com/badges/b250c76e-6302-4234-b2c0-f10ea461c0fc/linked_in_profile"}, {"starts_at": {"day": 1, "month": 1, "year": 2020}, "ends_at": null, "name": "The Fundamentals of Digital Marketing", "license_number": "QT5 H5E SEV", "display_source": "learndigital.withgoogle.com", "authority": "Digital Marketing Google Certification", "url": "http://HTTPS://LEARNDIGITAL.WITHGOOGLE.COM/DIGITALUNLOCKED"}], "connections": null, "people_also_viewed": [{"link": "https://www.linkedin.com/in/aishwaryapatil11", "name": "Aishwarya Patil", "summary": "Associate Consultant at Capgemini | Mainframe", "location": null}, {"link": "https://www.linkedin.com/in/ritika-herwade-5aab9b175", "name": "Ritika Herwade", "summary": "Associate Consultant Test Mgmt. ANZ Bank Project | Mainframe Technology | Financial Services | Core Banking | Manual, Functinal & Automation Testing", "location": null}, {"link": "https://www.linkedin.com/in/nisha-metkari-62aba4189", "name": "Nisha Metkari", "summary": "Pacaked App Development Senior Analyst| Ex-Capgemini |Oracle Database Applications| Siebel CRM Admin | Hyperion Admin", "location": null}, {"link": "https://www.linkedin.com/in/sanyogita-mane-828884189", "name": "sanyogita mane", "summary": "Sr Analyst at AXA Business Services | ISO27001 LA, LI | PCI DSS | Infosec | TPRM | Audits and Compliance Management", "location": null}, {"link": "https://www.linkedin.com/in/vaishnavi-yadav-6b14b4188", "name": "Vaishnavi Yadav", "summary": "Associate Consaltant at Capgemini", "location": null}, {"link": "https://www.linkedin.com/in/pranita-daunde-875243169", "name": "Pranita Daunde ", "summary": "Senior Software Engineer at Capgemini | Automation Tester | Java | Selenium | Trade Finance", "location": null}, {"link": "https://www.linkedin.com/in/ritika-chudappa-1b86851a5", "name": "Ritika Chudappa", "summary": "DevOps Engineer at Mastercard", "location": null}, {"link": "https://www.linkedin.com/in/shravani-narvekar-3001181a4", "name": "Shravani Narvekar", "summary": "Software Engineer at Capgemini | SQL Developer | Java | Angular Enthusiast", "location": null}, {"link": "https://www.linkedin.com/in/shreya-patil-6159a021b", "name": "Shreya Patil", "summary": "Azure IaC Platform Engineer| Azure Devops", "location": null}, {"link": "https://www.linkedin.com/in/deepti-retharekar-232598189", "name": "Deepti Retharekar", "summary": "Sr. Analyst at Capgemini", "location": null}], "recommendations": [], "activities": [], "similarly_named_profiles": [], "articles": [], "groups": [], "skills": [], "inferred_salary": null, "gender": null, "birth_date": null, "industry": null, "extra": null, "interests": [], "personal_emails": [], "personal_numbers": []}
