{"public_identifier": "barackobama", "profile_pic_url": "https://s3.us-west-000.backblazeb2.com/proxycurl/person/barackobama/profile?X-Amz-Algorithm=AWS4-HMAC-SHA256&X-Amz-Credential=0004d7f56a0400b0000000001%2F20240306%2Fus-west-000%2Fs3%2Faws4_request&X-Amz-Date=20240306T001048Z&X-Amz-Expires=3600&X-Amz-SignedHeaders=host&X-Amz-Signature=1d3fc4c3e6b15a1e12324c88d126d3d0869e0cf3d8e73d99bc0c0ce03ab7eb69", "background_cover_image_url": "https://s3.us-west-000.backblazeb2.com/proxycurl/person/barackobama/cover?X-Amz-Algorithm=AWS4-HMAC-SHA256&X-Amz-Credential=0004d7f56a0400b0000000001%2F20240306%2Fus-west-000%2Fs3%2Faws4_request&X-Amz-Date=20240306T001048Z&X-Amz-Expires=3600&X-Amz-SignedHeaders=host&X-Amz-Signature=e6b8f0be99f53cbf15e1c548b4d953fe564d0bf5a23a3b603a3c7c0e1cff7a42", "first_name": "Barack", "last_name": "Obama", "full_name": "Barack Obama", "follower_count": 2820268, "occupation": "President of the United States of America at The White House", "headline": "Former President of the United States of America", "summary": null, "country": "US", "country_full_name": "United States of America", "city": "Washington", "state": "District of Columbia", "experiences": [{"starts_at": {"day": 1, "month": 1, "year": 2009}, "ends_at": {"day": 31, "month": 1, "year": 2017}, "company": "The White House", "company_linkedin_profile_url": "https://www.linkedin.com/company/the-white-house/", "title": "President of the United States of America", "description": null, "location": null, "logo_url": "https://media.licdn.com/dms/image/C4E0BAQHn668IaAZlMQ/company-logo_400_400/0/1630578263998/the_obama_white_house_logo?e=1716422400&v=beta&t=85ASI4P4Ub7_cQIdL1csjbdE0beYXrcj6ZCAS82wLLk"}, {"starts_at": {"day": 1, "month": 1, "year": 2005}, "ends_at": {"day": 30, "month": 11, "year": 2008}, "company": "US Senate (IL-D)", "company_linkedin_profile_url": null, "title": "US Senator", "description": null, "location": null, "logo_url": null}, {"starts_at": {"day": 1, "month": 1, "year": 1997}, "ends_at": {"day": 31, "month": 1, "year": 2004}, "company": "Illinois State Senate", "company_linkedin_profile_url": null, "title": "State Senator", "description": null, "location": null, "logo_url": null}, {"starts_at": {"day": 1, "month": 1, "year": 1993}, "ends_at": {"day": 31, "month": 1, "year": 2004}, "company": "University of Chicago Law School", "company_linkedin_profile_url": "https://www.linkedin.com/school/university-of-chicago-law-school/", "title": "Senior Lecturer in Law", "description": null, "location": null, "logo_url": "https://media.licdn.com/dms/image/C560BAQGAZx8CDJdMRw/company-logo_400_400/0/1656685764465/university_of_chicago_law_school_logo?e=1716422400&v=beta&t=1bbj8Omske2ERbTw0Cft3boRDtScn8rXMkghPXCHXCo"}], "education": [{"starts_at": {"day": 1, "month": 1, "year": 1988}, "ends_at": {"day": 31, "month": 1, "year": 1991}, "field_of_study": "Law", "degree_name": "Juris Doctor", "school": "Harvard University", "school_linkedin_profile_url": null, "description": null, "logo_url": "https://media.licdn.com/dms/image/C4E0BAQF5t62bcL0e9g/company-logo_400_400/0/1631318058235?e=1716422400&v=beta&t=DcVyCrZGtYJDC9VlUvB1y-rM7s8nXuIbIjHGEayBOFU", "grade": null, "activities_and_societies": "Editor, Harvard Law Review, 1990"}, {"starts_at": {"day": 1, "month": 1, "year": 1981}, "ends_at": {"day": 31, "month": 1, "year": 1983}, "field_of_study": "Political Science, concentration in International Relations", "degree_name": "Bachelor of Arts", "school": "Columbia University", "school_linkedin_profile_url": null, "description": null, "logo_url": "https://media.licdn.com/dms/image/C4E0BAQFxn78nvVaTDA/company-logo_400_400/0/1630638452046/columbia_university_logo?e=1716422400&v=beta&t=aCfhuVo6mACEymmLJ3537HynNgGkyN-a32qs1MBZNlw", "grade": null, "activities_and_societies": null}, {"starts_at": {"day": 1, "month": 1, "year": 1979}, "ends_at": {"day": 31, "month": 1, "year": 1981}, "field_of_study": "Political Science", "degree_name": null, "school": "Occidental College", "school_linkedin_profile_url": null, "description": null, "logo_url": "https://media.licdn.com/dms/image/C560BAQHQSEVHeClnUw/company-logo_400_400/0/1630663549272/occidental_college_logo?e=1716422400&v=beta&t=dfBlijFNJgSJbQ1UG0vCMHuVuJ8fflVuyiVj8SPXK-s", "grade": null, "activities_and_societies": null}], "languages": [], "accomplishment_organisations": [], "accomplishment_publications": [], "accomplishment_honors_awards": [], "accomplishment_patents": [], "accomplishment_courses": [], "accomplishment_projects": [], "accomplishment_test_scores": [], "volunteer_work": [], "certifications": [], "connections": 500, "people_also_viewed": [{"link": "https://www.linkedin.com/in/narendramodi", "name": "Narendra Modi", "summary": "Prime Minister of India", "location": null}, {"link": "https://www.linkedin.com/in/boris-johnson", "name": "Boris Johnson", "summary": "Former Prime Minister of the United Kingdom", "location": null}, {"link": "https://www.linkedin.com/in/williamhgates", "name": "Bill Gates", "summary": "Co-chair, Bill & Melinda Gates Foundation", "location": null}, {"link": "https://www.linkedin.com/in/ursula-von-der-leyen", "name": "Ursula von der Leyen", "summary": "President of the European Commission", "location": null}, {"link": "https://www.linkedin.com/in/rbranson", "name": "Richard Branson", "summary": "Founder at Virgin Group", "location": null}, {"link": "https://www.linkedin.com/in/susan-wojcicki-b136a99", "name": "Susan Wojcicki", "summary": "CEO of YouTube", "location": null}, {"link": "https://www.linkedin.com/in/davidcameronofficial", "name": "David Cameron", "summary": "Secretary of State for Foreign, Commonwealth and Development Affairs; and Former Prime Minister of the United Kingdom", "location": null}, {"link": "https://www.linkedin.com/in/rishi-sunak", "name": "Rishi Sunak", "summary": "Prime Minister of the United Kingdom. Leader of the Conservative Party. Member of Parliament for Richmond (Yorks).", "location": null}, {"link": "https://www.linkedin.com/in/justintrudeau", "name": "Justin Trudeau", "summary": "Prime Minister of Canada | Premier ministre du Canada", "location": null}, {"link": "https://www.linkedin.com/in/cruzted", "name": "Ted Cruz", "summary": "United States Senator for the State of Texas", "location": null}], "recommendations": [], "activities": [{"title": "Here\u2019s some books that I\u2019m reading this summer. Check them out and let me know what I should be reading next.", "link": "https://www.linkedin.com/posts/barackobama_heres-some-books-that-im-reading-this-summer-activity-7087832883305832449-_I-C", "activity_status": "Shared by Barack Obama"}, {"title": "Today, some of the books that shaped my life \u2014 and the lives of so many others \u2014 are being challenged by people who disagree with certain ideas or\u2026", "link": "https://www.linkedin.com/posts/barackobama_today-some-of-the-books-that-shaped-my-life-activity-7086709387305574400-U5wl", "activity_status": "Shared by Barack Obama"}, {"title": "StoryCorps was founded 20 years ago to record the oral histories of modern-day Americans. So far, they\u2019ve helped more than 630,000 people tell their\u2026", "link": "https://www.linkedin.com/posts/barackobama_storycorps-was-founded-20-years-ago-to-record-activity-7072227874891522050-3bhk", "activity_status": "Shared by Barack Obama"}, {"title": "I had fun answering some questions about my #work journey. Check it out, and then make sure to watch Working: What We Do All Day on Netflix.", "link": "https://www.linkedin.com/posts/barackobama_work-activity-7069766919481876480-kXBX", "activity_status": "Shared by Barack Obama"}], "similarly_named_profiles": [{"name": "Barack Obama", "link": "https://www.linkedin.com/in/barack-obama-147642274", "summary": "--", "location": "New York, NY"}, {"name": "Barack Obama", "link": "https://www.linkedin.com/in/barack-obama-0a1964286", "summary": "--", "location": "Las Vegas, NV"}, {"name": "Barack Obama", "link": "https://www.linkedin.com/in/barack-obama-9abb62285", "summary": "Seasonal Sales Associate at Fortnite", "location": "Attleboro, MA"}, {"name": "barack obama", "link": "https://www.linkedin.com/in/barack-obama-492508280", "summary": "--", "location": "Easthampton, MA"}], "articles": [{"title": "\"Our journey is not complete.\"", "link": "https://www.linkedin.com/pulse/20130122172253-11932467--our-journey-is-not-complete", "published_date": {"day": 22, "month": 1, "year": 2013}, "author": "By Barack Obama", "image_url": "https://media.licdn.com/dms/image/C4E12AQGGZsxmeFWdwg/article-inline_image-shrink_400_744/0/1520233753405?e=2147483647&v=beta&t=FCkBGpzdLfrhssCuwu31eps8_AyUeuDCEysqbQI3AeA"}, {"title": "Welcome to Organizing for Action", "link": "https://www.linkedin.com/pulse/20130118175701-11932467-welcome-to-organizing-for-action", "published_date": {"day": 18, "month": 1, "year": 2013}, "author": "By Barack Obama", "image_url": "https://static.licdn.com/aero-v1/scds/common/u/img/pic/pic_pulse_stock_article_5.jpg"}, {"title": "Restoring fairness to our tax system", "link": "https://www.linkedin.com/pulse/20130107171535-11932467-restoring-fairness-to-our-tax-system", "published_date": {"day": 7, "month": 1, "year": 2013}, "author": "By Barack Obama", "image_url": "https://static.licdn.com/aero-v1/scds/common/u/img/pic/pic_pulse_stock_article_10.jpg"}], "groups": [], "skills": [], "inferred_salary": null, "gender": null, "birth_date": null, "industry": null, "extra": null, "interests": [], "personal_emails": ["slanghinrichs@barackobama.com"], "personal_numbers": []}
