{"public_identifier": "berkgokova", "profile_pic_url": "https://media.licdn.com/dms/image/D4D03AQE2W6TTL6Ud5w/profile-displayphoto-shrink_400_400/0/1707340662070?e=1715212800&v=beta&t=mCZ8KlczezU0HM0OX1kSGwtUld1_Hu3pYfFOvG38w3s", "background_cover_image_url": null, "first_name": "Berk", "last_name": "Gokova", "full_name": "Berk Gokova", "follower_count": 95, "occupation": "Founder | Design of the Technology at Pillotech", "headline": "working on the future of textiles", "summary": "l am working on polymers, electronics, and textiles at the same time to contribute to the creation of next generation of wearables and soft-robotics. I have a depiction of a future that I cannot resist, where society is more mobile, free, minimalist, and vibrant than it was ever before. \n\nI am particularly focusing on the manifacturing of electroactive fibers, flexible electronics, and artificial muscles. I believe that it is possible to invent many types of wearables by combining different types of electroactive polymers with flexible electronic circuits. Therefore, my current research targets the synthesis and optimization of fiber actuators, which are capable of setting up the basis for artificial muscles and smart textiles.", "country": "DK", "country_full_name": "Denmark", "city": "Copenhagen", "state": "Capital Region of Denmark", "experiences": [{"starts_at": {"day": 1, "month": 7, "year": 2022}, "ends_at": null, "company": "SUNUM-Sabanc\u0131 University Nanotechnology Research and Application Center ", "company_linkedin_profile_url": "https://www.linkedin.com/company/sunumsabanci", "title": "Researcher - Conductive Elastic Nanofiber Films for Stretchable Lithium-ion Batteries", "description": "The production of stretchable batteries will be a milestone in flexible electronics. Although most of the electronic components have been succefully converted to flexible parts in the past decade, conversion of rigid lithium-ion batteries still remains as a challenge.\n\n1. Conducted a study on nanofiber based conductive elastic films that could be used as stretchable lithium-ion battery components and published a report introducing the first steps of the production.\n2. Provided the experimental results and the analysis of two different elastomeric polymers, TPU and SEBS, as candidates for conductive and flexible nanofiber films.\n3. Produced a polymeric surface that reached 100% stretchability. SEM imaging and eletrospinning method are frequently used in the lab.", "location": null, "logo_url": "https://media.licdn.com/dms/image/C4D0BAQE5IE7hcM-yLQ/company-logo_400_400/0/1631369969726/sunum_logo?e=1717632000&v=beta&t=vWe88daozkSH_MOeEPgKTtICZnpTQnF_Dkc0zlmfH8s"}, {"starts_at": {"day": 1, "month": 6, "year": 2023}, "ends_at": null, "company": "DTU - Technical University of Denmark", "company_linkedin_profile_url": "https://www.linkedin.com/company/technical-university-of-denmark", "title": "Researcher - Synthesis and optimization of silicon fiber actuators for smart textiles", "description": "Electroactive polymers are fundamental materials for soft robotics and wearable technology applications, and among different types of electroactive polymers, silicon elastomeric fibers may be the most advantageous choice for creating electroactive yarns in smart textiles and artifical muscles.\n\nAccomplishments:\nCo-authored a paper detailing on optimal design criteria for silicon fiber actuators to be presented at SPIE EAPAD XXVI, March 2024 Los Angeles.\n\nInvented a new mechanism for the production of silicon fiber actuators and prepared 15 pages report explaining both current problems in production and detailing how the mechanism solved 9 major problems encountered during production.\n\n\nTasks:\n-Preparation of silicon elastomeric fiber actuators via wet spinning and photopolymerization. A coaxial spinneret is utilized for the fabrication of 3 layered actuator, where it is coated with carbon grease as outer shell and ionic liquid as the inner core electrode.\n-Testing mechanical properties of hollowed silicon fibers.\n-Measuring of actuation data under controlled high voltage.", "location": null, "logo_url": "https://media.licdn.com/dms/image/D4E0BAQHYKcm_kkO6WA/company-logo_400_400/0/1692512920097/technical_university_of_denmark_logo?e=1717632000&v=beta&t=WsY5QTvL2rwlvWL4ecftt_z3jvMTs6qovRZctrGkLps"}, {"starts_at": {"day": 1, "month": 3, "year": 2022}, "ends_at": null, "company": "Plushila", "company_linkedin_profile_url": "https://www.linkedin.com/company/98451929/", "title": "Founder | Design of Products and Integration of Electronics", "description": "Welcome to the wonderland of plush! At Plushila, we are designing electronic integrated plush products to create a very special and personalized experience.\n\nwww.plushila.com", "location": null, "logo_url": "https://media.licdn.com/dms/image/D4E0BAQEEHSVC_geF4g/company-logo_400_400/0/1691233292236?e=1717632000&v=beta&t=A8W19rGdOkrUMzJZEch1xwKc0XxpBmXT0dJb4Zur6sk"}, {"starts_at": {"day": 1, "month": 6, "year": 2023}, "ends_at": null, "company": "Pillotech", "company_linkedin_profile_url": "https://www.linkedin.com/company/98455818/", "title": "Founder | Design of the Technology", "description": "We are reinventing the sleep. Pillotech is a tech based textile company focused on producing multifunctional electronic pillows.", "location": null, "logo_url": "https://media.licdn.com/dms/image/D4E0BAQFzctg-1UlVaw/company-logo_400_400/0/1691398751026/pillotech_logo?e=1717632000&v=beta&t=UajjE1MSZp7pms6ZxZq-2edr_xQFySPZ-HL_6etgoL8"}, {"starts_at": {"day": 1, "month": 12, "year": 2022}, "ends_at": {"day": 31, "month": 5, "year": 2023}, "company": "Sabanc\u0131 \u00dcniversitesi Oyuncular\u0131", "company_linkedin_profile_url": "https://www.linkedin.com/company/sabanc%C4%B1-%C3%BCniversitesi-oyuncular%C4%B1", "title": "Costume Designer", "description": "Designed and manufactured costumes equipped with electronic lights and recycling wastes for our musical play \"A Midsummer Night's Dream\"", "location": "\u0130stanbul, T\u00fcrkiye", "logo_url": "https://media.licdn.com/dms/image/C4D0BAQE_6LOM8FUiAA/company-logo_400_400/0/1630535615060?e=1717632000&v=beta&t=BmY9Yzcnc5N2P1simx6DXUEECe_vQmx_YZDBieBsU9g"}, {"starts_at": {"day": 1, "month": 1, "year": 2022}, "ends_at": {"day": 31, "month": 1, "year": 2022}, "company": "Akcansa", "company_linkedin_profile_url": "https://www.linkedin.com/company/akcansa", "title": "Intern", "description": "First Step to the Business World Program || A small project about sustainability and waste management was conducted.", "location": "\u0130stanbul, T\u00fcrkiye", "logo_url": "https://media.licdn.com/dms/image/D4D0BAQGhTflCU5u7gQ/company-logo_400_400/0/1699948987272/akcansa_logo?e=1717632000&v=beta&t=9RUReiqBr61LX6K4_dNgPiYnLRq0D3PX3N5MLpp1WZ8"}, {"starts_at": {"day": 1, "month": 12, "year": 2018}, "ends_at": {"day": 31, "month": 7, "year": 2019}, "company": "Junior Achievement (JA Worldwide)", "company_linkedin_profile_url": "https://www.linkedin.com/company/ja-worldwide", "title": "Founder - Agena JA Company | Awarded as 2nd in JA Turkey Company of The Year Competition", "description": "Company that brings solutions to daily technical problems; produces minimalist, innovative, aesthetic, and creative products.\n\nAchievements:\n1. Won second place in JA Turkey Company of the Year Competition / Received Best Sales and Marketing Category Award.\n2. Found investors and attracted 1200 USD in capital for company. The company made 2600 USD sales in half a year. By profiting 1140 USD, the company tripled its value in 6 months.\n3. Oversaw the company's product strategy; designed the product, negotiated with industrial companies, and managed the manufacturing process. Worked on materials to produce affordable, resistant, and aesthetic products.\n4. Managed publicity activities. Directed the shooting of company's commercial. Did the visual design of the company's stand in order to introduce the company in entrepreneurship fairs.\n5. Did on-stage presentations to CEOs, chairmen, and investors.", "location": "Izmir, Turkey", "logo_url": "https://media.licdn.com/dms/image/C4D0BAQG6NUDWy-fuzg/company-logo_400_400/0/1646182063120/ja_worldwide_logo?e=1717632000&v=beta&t=YYZux6JBD0v0VzAEk5LbxePsu7lNvruEl9hXyIUhQco"}], "education": [{"starts_at": {"day": 1, "month": 10, "year": 2020}, "ends_at": {"day": 30, "month": 6, "year": 2026}, "field_of_study": null, "degree_name": "Materials Science and Nano Engineering", "school": "Sabanci University", "school_linkedin_profile_url": "https://www.linkedin.com/company/17992/", "description": "Skills: Polymer Chemistry", "logo_url": "https://media.licdn.com/dms/image/C4D0BAQFFoR3H1M6xrg/company-logo_400_400/0/1680177138716/sabanci_university_logo?e=1717632000&v=beta&t=ILrYFRvAW66ruEKWXUvQDPBF5k-MT1oL5MsgVXP9aiA", "grade": null, "activities_and_societies": null}, {"starts_at": {"day": 1, "month": 10, "year": 2020}, "ends_at": {"day": 30, "month": 6, "year": 2026}, "field_of_study": null, "degree_name": "Electronics Engineering (Double Major)", "school": "Sabanci University", "school_linkedin_profile_url": "https://www.linkedin.com/company/17992/", "description": "Skills: Electronics", "logo_url": "https://media.licdn.com/dms/image/C4D0BAQFFoR3H1M6xrg/company-logo_400_400/0/1680177138716/sabanci_university_logo?e=1717632000&v=beta&t=ILrYFRvAW66ruEKWXUvQDPBF5k-MT1oL5MsgVXP9aiA", "grade": null, "activities_and_societies": null}, {"starts_at": {"day": 1, "month": 1, "year": 2011}, "ends_at": {"day": 31, "month": 12, "year": 2020}, "field_of_study": null, "degree_name": "Mathematics and Computer Science", "school": "B\u0130LSEM Science and Arts Center", "school_linkedin_profile_url": null, "description": "Took special education in mathematics and computer sciences through 6 years\n\nWorked with BILSEM Robotic Team\nDesigned and programmed the robots to be used in national competitions.", "logo_url": null, "grade": null, "activities_and_societies": "Robotics Team / Mathematics / Computer Sciences"}], "languages": [], "accomplishment_organisations": [], "accomplishment_publications": [], "accomplishment_honors_awards": [{"title": "Second Place in JA Turkey Company of the Year Competition", "issuer": "Junior Achievement", "issued_on": {"day": 1, "month": 4, "year": 2019}, "description": "2th ranking in the \"Best Marketing and Sales\" category"}], "accomplishment_patents": [], "accomplishment_courses": [], "accomplishment_projects": [{"starts_at": {"day": 1, "month": 2, "year": 2021}, "ends_at": {"day": 30, "month": 6, "year": 2022}, "title": "Civic Involvement Project: Design of a water-free siphon mechanism based on capsules to prevent sanitation related problems and minimize water consumption", "description": "2.3 billion people are deprived of basic sanitation systems due to lack of plumbing. Excretory wastes released into rivers and soil cause the rapid spread of many tropical deadly diseases, causing 775,000 deaths each year. Moreover, unsafe sanitation causes many social problems for education and gender equality. After an extensive research, we offered an innovative solution to the topic and designed a water-free siphon mechanism via SolidWorks.", "url": null}], "accomplishment_test_scores": [], "volunteer_work": [], "certifications": [{"starts_at": {"day": 1, "month": 8, "year": 2023}, "ends_at": null, "name": "Textile Technology and Integration", "license_number": null, "display_source": null, "authority": "Smart Textiles", "url": null}, {"starts_at": {"day": 1, "month": 1, "year": 2019}, "ends_at": null, "name": "Entrepreneurial Skills Pass", "license_number": "ESP34100822", "display_source": null, "authority": "Entrepreneurial Skills Pass (ESP)", "url": null}], "connections": 97, "people_also_viewed": [], "recommendations": [], "activities": [], "similarly_named_profiles": [], "articles": [], "groups": [{"profile_pic_url": "https://media.licdn.com/dms/image/D4D07AQFWpNSIQgEFwQ/group-logo_image-shrink_400x400/0/1695292808234?e=1710295200&v=beta&t=be9fZG-q0E96YNSGDE0daTEcg6ksi-1q56BQs0SDWko", "name": "SOFTWEAR-DN", "url": "https://www.linkedin.com/groups/14104047"}], "skills": [], "inferred_salary": null, "gender": null, "birth_date": null, "industry": null, "extra": null, "interests": [], "personal_emails": [], "personal_numbers": []}
