{"public_identifier": "ch-divyesh-b17a9a171", "profile_pic_url": "https://media.licdn.com/dms/image/C5603AQHGT-_AEIZWPA/profile-displayphoto-shrink_400_400/0/1625922970141?e=1715212800&v=beta&t=SddBFpGLbHBrB8eBcu-81FEMxfah2e-mnJjcjixPqlY", "background_cover_image_url": null, "first_name": "Ch", "last_name": "Divyesh", "full_name": "Ch Divyesh", "follower_count": 333, "occupation": "Software Engineer at Cognizant", "headline": "MS in ITM, Data Analytics at Illinois tech | Ex - Software Engineer at Cognizant", "summary": null, "country": "US", "country_full_name": "United States of America", "city": "Chicago", "state": "Illinois", "experiences": [{"starts_at": {"day": 1, "month": 8, "year": 2021}, "ends_at": {"day": 31, "month": 8, "year": 2023}, "company": "Cognizant", "company_linkedin_profile_url": "https://www.linkedin.com/company/cognizant", "title": "Software Engineer", "description": null, "location": "India", "logo_url": "https://media.licdn.com/dms/image/D4E0BAQHDKo68h6DqgQ/company-logo_400_400/0/1688389917808/cognizant_logo?e=1717632000&v=beta&t=kGiKZAQZS8zFpCWHEPKN-Cc_Wy-Mw7mLwapIDPgwPR0"}, {"starts_at": {"day": 1, "month": 3, "year": 2021}, "ends_at": {"day": 31, "month": 7, "year": 2021}, "company": "Cognizant", "company_linkedin_profile_url": "https://www.linkedin.com/company/cognizant", "title": "Internship Trainee", "description": null, "location": "Chennai, Tamil Nadu, India", "logo_url": "https://media.licdn.com/dms/image/D4E0BAQHDKo68h6DqgQ/company-logo_400_400/0/1688389917808/cognizant_logo?e=1717632000&v=beta&t=kGiKZAQZS8zFpCWHEPKN-Cc_Wy-Mw7mLwapIDPgwPR0"}, {"starts_at": {"day": 1, "month": 10, "year": 2019}, "ends_at": {"day": 31, "month": 10, "year": 2019}, "company": "Oil and Natural Gas Corporation Ltd", "company_linkedin_profile_url": "https://www.linkedin.com/company/oilandnaturalgascorporation", "title": "Engineering Intern", "description": null, "location": "Rajahmundry, Andhra Pradesh, India", "logo_url": "https://media.licdn.com/dms/image/D4D0BAQEVKfWaQUifVw/company-logo_400_400/0/1665123354197?e=1717632000&v=beta&t=iAsWHTNnSyJUxNL65WGy4Ut60PYCEZAU-ZXBrHymp04"}], "education": [{"starts_at": {"day": 1, "month": 8, "year": 2023}, "ends_at": {"day": 30, "month": 6, "year": 2025}, "field_of_study": "Information Technology and Management", "degree_name": "Master's degree", "school": "Illinois Institute of Technology", "school_linkedin_profile_url": "https://www.linkedin.com/company/6328/", "description": "Skills: Database Management System (DBMS) \u00b7 Database Security \u00b7 Data Analytics", "logo_url": "https://media.licdn.com/dms/image/C4D0BAQEd6wnmQCCIHw/company-logo_400_400/0/1630559679535/illinois_institute_of_technology_logo?e=1717632000&v=beta&t=9_wR1v9lt8WVPSux8a585YLwqzmyIqxwEYp0mHeXRL0", "grade": null, "activities_and_societies": null}, {"starts_at": {"day": 1, "month": 6, "year": 2017}, "ends_at": {"day": 30, "month": 6, "year": 2021}, "field_of_study": "Electrical, Electronics and Communications Engineering", "degree_name": "Bachelor of Technology - BTech", "school": "SRM University", "school_linkedin_profile_url": "https://www.linkedin.com/company/879960/", "description": null, "logo_url": "https://media.licdn.com/dms/image/C510BAQHO4Qj_rvGxUA/company-logo_400_400/0/1630600315247?e=1717632000&v=beta&t=ukNaKZGVAezpcWdIQVIKD1aLVGE2eq9s4rCJ0mpoSKo", "grade": "85.08%", "activities_and_societies": "Cricket"}, {"starts_at": {"day": 1, "month": 1, "year": 2017}, "ends_at": {"day": 31, "month": 12, "year": 2021}, "field_of_study": "electronics and communication", "degree_name": "BTech - Bachelor of Technology", "school": "SRM University", "school_linkedin_profile_url": "https://www.linkedin.com/company/879960/", "description": null, "logo_url": "https://media.licdn.com/dms/image/C510BAQHO4Qj_rvGxUA/company-logo_400_400/0/1630600315247?e=1717632000&v=beta&t=ukNaKZGVAezpcWdIQVIKD1aLVGE2eq9s4rCJ0mpoSKo", "grade": null, "activities_and_societies": null}], "languages": [], "accomplishment_organisations": [], "accomplishment_publications": [], "accomplishment_honors_awards": [], "accomplishment_patents": [], "accomplishment_courses": [], "accomplishment_projects": [], "accomplishment_test_scores": [], "volunteer_work": [], "certifications": [], "connections": 333, "people_also_viewed": [], "recommendations": [], "activities": [], "similarly_named_profiles": [], "articles": [], "groups": [{"profile_pic_url": "https://media.licdn.com/dms/image/D5607AQGxmCMfaetelA/group-logo_image-shrink_48x48/0/1708798401936?e=1710309600&v=beta&t=63njVDa2mElwrdiVaCF97tLrpyY4I1X6qa4AbJdd77g", "name": "Technology Investor Club: Artificial Intelligence, Data Science, Fintech, IoT, Robotics & Cloud AI", "url": "https://www.linkedin.com/groups/7036558"}, {"profile_pic_url": "https://media.licdn.com/dms/image/D5607AQG7bipm7ZScgQ/group-logo_image-shrink_400x400/0/1695559679938?e=1710309600&v=beta&t=iNbfysGh5xBfbAMOwSDnM_jsgMsD6ADXv63eeSXGJuQ", "name": "Illinois Tech \ud835\uddd6\ud835\uddee\ud835\uddff\ud835\uddf2\ud835\uddf2\ud835\uddff \ud835\udde6\ud835\uddf2\ud835\uddff\ud835\ude03\ud835\uddf6\ud835\uddf0\ud835\uddf2\ud835\ude00", "url": "https://www.linkedin.com/groups/14088794"}], "skills": [], "inferred_salary": null, "gender": null, "birth_date": null, "industry": null, "extra": null, "interests": [], "personal_emails": [], "personal_numbers": []}
