{"public_identifier": "cira-pozo-sanchez", "profile_pic_url": "https://s3.us-west-000.backblazeb2.com/proxycurl/person/cira-pozo-sanchez/profile?X-Amz-Algorithm=AWS4-HMAC-SHA256&X-Amz-Credential=0004d7f56a0400b0000000001%2F20240303%2Fus-west-000%2Fs3%2Faws4_request&X-Amz-Date=20240303T232602Z&X-Amz-Expires=3600&X-Amz-SignedHeaders=host&X-Amz-Signature=3597107ef6a00e634c72a0aa9ed4823605373e8cb1274e4bf13c9a51cef7d770", "background_cover_image_url": null, "first_name": "Cira", "last_name": "Pozo S\u00e1nchez", "full_name": "Cira Pozo S\u00e1nchez", "follower_count": 569, "occupation": "Cybersecurity Engineer at GMV", "headline": "Dual Master's Degree Student | Master of Cybersecurity - IIT | MSc in Telecommunications Engineering  - UPM", "summary": "I'm a dual-degree student pursuing a Master's in Cybersecurity at IIT Chicago and a Master's in Telecommunication Engineering at UPM Madrid. My academic journey reflects my passion for the dynamic world of telematics, where I thrive at the intersection of technology, cybersecurity, and innovation.\n\nWith a strong curiosity and a firm commitment to learning, I'm dedicated to staying at the forefront of the ever-evolving technology landscape. My primary interests lie in cybersecurity and its multifaceted applications, and I'm driven to contribute to the security and integrity of digital systems.\n\nI'm excited about the opportunities that lie ahead in the telematics realm and am eager to connect with like-minded professionals who share my enthusiasm for cutting-edge technology and its transformative potential.", "country": "US", "country_full_name": "United States of America", "city": "Chicago", "state": "Illinois", "experiences": [{"starts_at": {"day": 1, "month": 9, "year": 2022}, "ends_at": {"day": 31, "month": 5, "year": 2023}, "company": "GMV", "company_linkedin_profile_url": "https://www.linkedin.com/company/gmv", "title": "Cybersecurity Engineer", "description": "- Digital Identity \n- Critical Enviroments\n- PAM Tools", "location": null, "logo_url": "https://media.licdn.com/dms/image/D4D0BAQHVE8JoiO_cUA/company-logo_400_400/0/1704183210002/gmv_logo?e=1717632000&v=beta&t=kpPbOClNN-ooADFud9bCT4T1agVPCawGtbkQUOk8SpQ"}], "education": [{"starts_at": {"day": 1, "month": 8, "year": 2023}, "ends_at": {"day": 30, "month": 6, "year": 2024}, "field_of_study": null, "degree_name": "Master of Cybersecurity", "school": "Illinois Institute of Technology", "school_linkedin_profile_url": "https://www.linkedin.com/company/6328/", "description": "Skills: Vulnerability Assessment and Penetration Testing (VAPT) \u00b7 Ethical Hacking \u00b7 System and Network Security \u00b7 Cybersecurity", "logo_url": "https://media.licdn.com/dms/image/C4D0BAQEd6wnmQCCIHw/company-logo_400_400/0/1630559679535/illinois_institute_of_technology_logo?e=1717632000&v=beta&t=9_wR1v9lt8WVPSux8a585YLwqzmyIqxwEYp0mHeXRL0", "grade": null, "activities_and_societies": "Cyber Hawks"}, {"starts_at": {"day": 1, "month": 9, "year": 2022}, "ends_at": {"day": 30, "month": 6, "year": 2024}, "field_of_study": null, "degree_name": " MSc in Telecommunications Engineering", "school": "Universidad Polit\u00e9cnica de Madrid", "school_linkedin_profile_url": "https://www.linkedin.com/company/166617/", "description": "Skills: Gesti\u00f3n de proyectos \u00b7 Tecnolog\u00edas de redes \u00b7 Instrumentaci\u00f3n electr\u00f3nica \u00b7 Sistemas de telecomunicaciones \u00b7 Telem\u00e1tica", "logo_url": "https://media.licdn.com/dms/image/D4D0BAQHJPlcA68PA2Q/company-logo_400_400/0/1686904766811/universidad_politecnica_de_madrid_logo?e=1717632000&v=beta&t=yxg3h7Q1mtAACW6v49m0WBf1yBiU-fef-zBlGJsuUzk", "grade": null, "activities_and_societies": null}, {"starts_at": {"day": 1, "month": 9, "year": 2018}, "ends_at": {"day": 30, "month": 6, "year": 2022}, "field_of_study": "Telem\u00e1tica", "degree_name": "Bachelor of Engineering in Telecommunication Technologies and Services Engineering", "school": "Universidad Polit\u00e9cnica de Madrid", "school_linkedin_profile_url": "https://www.linkedin.com/company/166617/", "description": "Skills: Arquitectura de redes \u00b7 Sistemas de telecomunicaciones \u00b7 Programaci\u00f3n \u00b7 Telem\u00e1tica \u00b7 Ciberseguridad", "logo_url": "https://media.licdn.com/dms/image/D4D0BAQHJPlcA68PA2Q/company-logo_400_400/0/1686904766811/universidad_politecnica_de_madrid_logo?e=1717632000&v=beta&t=yxg3h7Q1mtAACW6v49m0WBf1yBiU-fef-zBlGJsuUzk", "grade": null, "activities_and_societies": null}], "languages": ["Espa\u00f1ol", "Ingl\u00e9s"], "accomplishment_organisations": [], "accomplishment_publications": [], "accomplishment_honors_awards": [], "accomplishment_patents": [], "accomplishment_courses": [{"name": "Becoming a Hyperledger Aries Developer - edX", "number": null}, {"name": "Curso de Ciberseguridad. Introducci\u00f3n al Pentesting - TelecoEmprende UPM", "number": null}], "accomplishment_projects": [{"starts_at": {"day": 1, "month": 1, "year": 2023}, "ends_at": {"day": 30, "month": 6, "year": 2023}, "title": "Advanced Deployment Study of 5G Infrastructures and Satellite Communications in isolated areas", "description": "Led the organization and management of the project team, applying positioning techniques and overseeing the integration of satellite networks. Additionally, we optimized fixed and mobile networks with 5G technologies. We integrated 5G and IoT systems for Smart Cities, demonstrating strategic and creative skills. Comprehensive infrastructure modernization highlighted my ability to manage large-scale projects, merging competencies in emerging technologies, network analysis and implementation strategies.", "url": null}, {"starts_at": {"day": 1, "month": 1, "year": 2022}, "ends_at": {"day": 30, "month": 6, "year": 2022}, "title": "Development of a Hyperledger-based Self-Sovereign Identity solution through FIWARE Identity Manager", "description": "Developed a self-sovereign identity solution using the Hyperledger framework, involving the creation of a distributed ledger for decentralized identifiers and verifiable credentials. Constructed an agent for issuing verifiable credentials, with integration into FIWARE's Keyrock Identity Manager an EU-promoted open-source platform for future Internet applications. The project essentially empowers the issuance of a verifiable, DID-based credential within Keyrock, enhancing user control and trust in identity verification processes.", "url": null}], "accomplishment_test_scores": [], "volunteer_work": [{"starts_at": {"day": 1, "month": 1, "year": 2017}, "ends_at": {"day": 31, "month": 1, "year": 2022}, "title": "Volunteer", "cause": "Social Services", "company": "Fundaci\u00f3n Banco de Alimentos de Madrid", "company_linkedin_profile_url": "https://www.linkedin.com/company/12672372/", "description": null, "logo_url": "https://media.licdn.com/dms/image/C4D0BAQGVEwYEqMNSkg/company-logo_400_400/0/1630474607861?e=1717632000&v=beta&t=_CjwDqX1SSIi48ly4htL4UdNhYYsLUO6VMCTH6XW_Hw"}], "certifications": [{"starts_at": {"day": 1, "month": 7, "year": 2019}, "ends_at": null, "name": " B2 First", "license_number": null, "display_source": null, "authority": "Cambridge University Press & Assessment English", "url": null}], "connections": 569, "people_also_viewed": [], "recommendations": [], "activities": [], "similarly_named_profiles": [], "articles": [], "groups": [], "skills": [], "inferred_salary": null, "gender": null, "birth_date": null, "industry": null, "extra": null, "interests": [], "personal_emails": [], "personal_numbers": []}
