{"public_identifier": "entrust", "profile_pic_url": null, "background_cover_image_url": null, "first_name": "John", "last_name": "Adams", "full_name": "John Adams", "follower_count": null, "occupation": "Home Mortgage Consultant at Wells Fargo Home Mortgage", "headline": "Home Mortgage Consultant at Wells Fargo Home Mortgage", "summary": "I offer an arsenal of home lending products including Jumbo loans, FHA, VA and conventional financing. Wells has the best renovation express loan in the business, featuring a 203k loan we can close in less than 30 days. We are in the advice business of helping our clients understand what the right mortgage is for them. Our loans feature the right payment, down payment and best tax advantage possible.\n\nSpecialties: Jumbo FHA and VA home loans", "country": "US", "country_full_name": "United States", "city": "Jacksonville", "state": "Florida", "experiences": [{"starts_at": {"day": 1, "month": 5, "year": 2006}, "ends_at": null, "company": "Entrust Corporation", "company_linkedin_profile_url": "https://www.linkedin.com/company/entrust", "title": "Owner 51%%", "description": "Church Construction loans and Existing Church Financing", "location": null, "logo_url": null}, {"starts_at": {"day": 1, "month": 10, "year": 2008}, "ends_at": null, "company": "Wells Fargo Home Mortgage", "company_linkedin_profile_url": "https://www.linkedin.com/company/wellsfargo", "title": "Home Mortgage Consultant", "description": "I specilize in helping people withreverse mortgages, pledged asset loans, FHA and VA financing, as well as jumbo mortgage options.... If you have a mortgage question or need, I can help you save time and manage the largest debt you will ever have and quite possible save you money. Please don\u2019t hesitate to ask. 904-245-6452", "location": null, "logo_url": null}, {"starts_at": {"day": 1, "month": 11, "year": 2005}, "ends_at": {"day": 1, "month": 4, "year": 2007}, "company": "Mortgage South", "company_linkedin_profile_url": null, "title": "Mortgage Broker", "description": null, "location": null, "logo_url": null}, {"starts_at": {"day": 1, "month": 1, "year": 2003}, "ends_at": {"day": 1, "month": 1, "year": 2004}, "company": "HomeBanc", "company_linkedin_profile_url": null, "title": "mortgage", "description": null, "location": null, "logo_url": null}, {"starts_at": {"day": 1, "month": 6, "year": 2004}, "ends_at": {"day": 1, "month": 11, "year": 2005}, "company": "Countrywide Home Loans", "company_linkedin_profile_url": "https://www.linkedin.com/company/bank-of-america", "title": "Loan Officer", "description": null, "location": null, "logo_url": null}, {"starts_at": {"day": 1, "month": 8, "year": 2003}, "ends_at": {"day": 1, "month": 6, "year": 2004}, "company": "HomeBanc Mortgage", "company_linkedin_profile_url": "https://www.linkedin.com/company/homebanc-mortgage", "title": "Loan Officer", "description": null, "location": null, "logo_url": null}], "education": [{"starts_at": {"day": 1, "month": 1, "year": 2001}, "ends_at": {"day": 1, "month": 1, "year": 2003}, "field_of_study": null, "degree_name": null, "school": "Portland State University", "school_linkedin_profile_url": null, "description": null, "logo_url": null, "grade": null, "activities_and_societies": null}, {"starts_at": {"day": 1, "month": 1, "year": 1998}, "ends_at": {"day": 1, "month": 1, "year": 2000}, "field_of_study": "Electronics Engineering Technology", "degree_name": "Associates", "school": "ITT Technical Institute", "school_linkedin_profile_url": null, "description": null, "logo_url": null, "grade": null, "activities_and_societies": null}], "languages": [], "accomplishment_organisations": [], "accomplishment_publications": [], "accomplishment_honors_awards": [], "accomplishment_patents": [], "accomplishment_courses": [], "accomplishment_projects": [], "accomplishment_test_scores": [], "volunteer_work": [], "certifications": [], "connections": 16, "people_also_viewed": [{"link": "https://www.linkedin.com/in/leylamc", "name": "Leyla Mansour-Cole", "summary": "I help patients share their experiences with people who make decisions that affect them.", "location": "Washington, DC"}, {"link": "https://www.linkedin.com/in/andikweiss", "name": "Andi Weiss, MPH", "summary": "Director, Behavioral Services, MicroMass, an Ashfield Health Company", "location": "Raleigh, NC"}, {"link": "https://www.linkedin.com/in/theresa-hastings-8590b746", "name": "Theresa Hastings", "summary": "Social Media Manager at DiabetesMine", "location": "Denver Metropolitan Area"}, {"link": "https://www.linkedin.com/in/sarahmart", "name": "Sarah Mart", "summary": "Public health advocate.  Researcher. Policy analyst. Systems thinker. Writer. Presenter. Facilitator.", "location": "Fort Collins, CO"}, {"link": "https://www.linkedin.com/in/cristina-parcell-156347b2", "name": "Cristina Parcell", "summary": "Operations Manager of International Programs", "location": "Jacksonville, FL"}, {"link": "https://www.linkedin.com/in/candis-tullis-44b77a117", "name": "Candis Tullis", "summary": "Lead, Talent Coordinator at loanDepot", "location": "Gilbert, AZ"}, {"link": "https://www.linkedin.com/in/bloodsugarbossmelissaslemp", "name": "Melissa Slemp", "summary": "CEO | Certified Health Coach, Specializing in Blood Sugar Control | Personal Trainer | Faith & Community | Type 1 Diabetic | Wife & Mom", "location": "St Augustine, FL"}, {"link": "https://www.linkedin.com/in/joseph-gibney-a7b30a187", "name": "Joseph Gibney", "summary": "Healthcare Recruiter at Baptist Health", "location": "Metro Jacksonville"}, {"link": "https://www.linkedin.com/in/marlene-couse-44b6981b0", "name": "Marlene Couse", "summary": "Self Employed at MobiGroup Holding", "location": "Jacksonville, FL"}, {"link": "https://www.linkedin.com/in/chaddickerson", "name": "Chad Dickerson", "summary": "Executive coach, Former Etsy CEO", "location": "Brooklyn, NY"}, {"link": "https://www.linkedin.com/in/tom-mcdonough-78411656", "name": "Tom McDonough", "summary": "Executive Chef at Chart House Restaurant", "location": "Metro Jacksonville"}, {"link": "https://www.linkedin.com/in/richard-cerbasi-58955a7", "name": "Richard Cerbasi", "summary": "Vice President, Regional Production at loanDepot", "location": "Winter Springs, FL"}, {"link": "https://www.linkedin.com/in/whitneyparkintyler", "name": "Whitney Tyler", "summary": "Senior Talent Acquisition Lead at loanDepot", "location": "Orange County, CA"}, {"link": "https://www.linkedin.com/in/rocky-gill-52a7437", "name": "Rocky Gill", "summary": "Franchisee at Express Employment Professionals", "location": "Tyler, TX"}, {"link": "https://uk.linkedin.com/in/vishnepolsky", "name": "Oleg Vishnepolsky", "summary": "Global CTO at  DailyMail Online and Metro.Co.Uk", "location": "London"}, {"link": "https://ca.linkedin.com/in/kevin-strange-4279857", "name": "Kevin Strange", "summary": "Vice President, Strategy & Business Development at Inari Medical", "location": "Vancouver, BC"}, {"link": "https://www.linkedin.com/in/david-o-donnell-48070a17", "name": "David O'Donnell", "summary": "Market Manager at Jaguar Land Rover North America", "location": "Oakley, CA"}, {"link": "https://www.linkedin.com/in/dave-o-donnell-4134ba25", "name": "Dave O'Donnell", "summary": "CEO at Fairhill Construction", "location": "San Francisco Bay Area"}, {"link": "https://www.linkedin.com/in/janacapua", "name": "Jana Capua", "summary": "Sr. Mortgage Specialist/Loan Officer Assistant NMLS 404139 at Directors Mortgage", "location": "Portland, OR"}, {"link": "https://www.linkedin.com/in/victorstratos", "name": "Victor Stratos", "summary": "Wells Fargo Home Mortgage / NMLSR ID: 510001 / 703-568-6000", "location": "Washington DC-Baltimore Area"}], "recommendations": ["John is a great broker, always helpful to his clients and great about getting together all things needed for a full, complete file!  I would recommend his services to all."], "activities": [], "similarly_named_profiles": [{"name": "John Adams", "link": "https://www.linkedin.com/in/john-adams-1012199", "summary": "Director of Transportation", "location": "Conley, GA"}, {"name": "John Adams", "link": "https://www.linkedin.com/in/john-adams-b8476013", "summary": "Owner, Adams Financial Network", "location": "Charleston-Huntington Area"}, {"name": "John Adams", "link": "https://www.linkedin.com/in/john-adams-5799b9ba", "summary": "Owner at Adams Heating & Air Conditioning", "location": "Charlotte, NC"}, {"name": "John Adams", "link": "https://www.linkedin.com/in/john-adams-60457b12", "summary": "Partner at John S. Adams & Associates Inc.", "location": "Newport Beach, CA"}, {"name": "John Adams", "link": "https://www.linkedin.com/in/john-adams-65b3237", "summary": "Owner, John M. Adams, Attorney at Law", "location": "Bellevue, WA"}], "articles": [], "groups": [], "skills": [], "inferred_salary": null, "gender": null, "birth_date": null, "industry": null, "extra": null, "interests": [], "personal_emails": [], "personal_numbers": []}
