{"public_identifier": "fortnow", "profile_pic_url": "https://s3.us-west-000.backblazeb2.com/proxycurl/person/fortnow/profile?X-Amz-Algorithm=AWS4-HMAC-SHA256&X-Amz-Credential=0004d7f56a0400b0000000001%2F20240306%2Fus-west-000%2Fs3%2Faws4_request&X-Amz-Date=20240306T041003Z&X-Amz-Expires=3600&X-Amz-SignedHeaders=host&X-Amz-Signature=137515e6357529198008b1eb0c10dc56a2343310c8601d6d48534c7f3a5fb71f", "background_cover_image_url": "https://s3.us-west-000.backblazeb2.com/proxycurl/person/fortnow/cover?X-Amz-Algorithm=AWS4-HMAC-SHA256&X-Amz-Credential=0004d7f56a0400b0000000001%2F20240306%2Fus-west-000%2Fs3%2Faws4_request&X-Amz-Date=20240306T041003Z&X-Amz-Expires=3600&X-Amz-SignedHeaders=host&X-Amz-Signature=69641cf121b7e7ffe2b229696be56f3b56a75c38f4ab256bf234669db3145373", "first_name": "Lance", "last_name": "Fortnow", "full_name": "Lance Fortnow", "follower_count": null, "occupation": "Dean of the College of Computing at Illinois Institute of Technology", "headline": "Dean of the College of Computing at Illinois Institute of Technology", "summary": "We started the Illinois Tech College of Computing in 2020 to help propel the tech community in the Chicago area and beyond, to infuse computing and data science tools, techniques and ideas across the university, and to fulfill Illinois Tech\u2019s founding mission to provide students of all backgrounds meaningful roles in a changing technological society.\n\nLance Fortnow has extensive leadership experience, as dean at Illinois Tech, as department chair at Georgia Tech and in the research community focusing on the theoretical power of efficient computing.", "country": "US", "country_full_name": "United States of America", "city": "Greater Chicago Area", "state": null, "experiences": [{"starts_at": {"day": 1, "month": 6, "year": 2020}, "ends_at": null, "company": "Illinois Institute of Technology", "company_linkedin_profile_url": "https://www.linkedin.com/company/illinois-tech", "title": "Dean of the College of Computing", "description": null, "location": "Chicago, Illinois, United States", "logo_url": "https://media-exp1.licdn.com/dms/image/C4D0BAQEd6wnmQCCIHw/company-logo_100_100/0/1556827665561?e=1655942400&v=beta&t=HXL-Kp9uB5DqMi8SnJQ_cAybXBpEhYm4U0wDL-a92R4"}, {"starts_at": {"day": 1, "month": 8, "year": 2019}, "ends_at": null, "company": "Illinois Institute of Technology", "company_linkedin_profile_url": "https://www.linkedin.com/company/illinois-tech", "title": "Professor, Department of Computer Science", "description": null, "location": "Chicago, Illinois, United States", "logo_url": "https://media-exp1.licdn.com/dms/image/C4D0BAQEd6wnmQCCIHw/company-logo_100_100/0/1556827665561?e=1655942400&v=beta&t=HXL-Kp9uB5DqMi8SnJQ_cAybXBpEhYm4U0wDL-a92R4"}, {"starts_at": {"day": 1, "month": 8, "year": 2019}, "ends_at": {"day": 31, "month": 5, "year": 2020}, "company": "Illinois Institute of Technology", "company_linkedin_profile_url": "https://www.linkedin.com/company/illinois-tech", "title": "Dean of the College of Science", "description": null, "location": "Chicago", "logo_url": "https://media-exp1.licdn.com/dms/image/C4D0BAQEd6wnmQCCIHw/company-logo_100_100/0/1556827665561?e=1655942400&v=beta&t=HXL-Kp9uB5DqMi8SnJQ_cAybXBpEhYm4U0wDL-a92R4"}, {"starts_at": {"day": 1, "month": 7, "year": 2012}, "ends_at": {"day": 31, "month": 8, "year": 2019}, "company": "Georgia Institute of Technology", "company_linkedin_profile_url": "https://www.linkedin.com/company/georgia-institute-of-technology", "title": "Professor and Chair, School of Computer Science", "description": null, "location": "Greater Atlanta Area", "logo_url": "https://media-exp1.licdn.com/dms/image/C4E0BAQFuhLQoh5_7yA/company-logo_100_100/0/1640110531895?e=1655942400&v=beta&t=t6hv3VkTbxBHi3miWHi47DnWfnM2XkyFZLiRy8WZdnI"}, {"starts_at": {"day": 1, "month": 2, "year": 2007}, "ends_at": {"day": 30, "month": 9, "year": 2018}, "company": "Toyota Techological Institute", "company_linkedin_profile_url": "https://www.linkedin.com/company/toyota-technological-institute-at-chicago-ttic-", "title": "Adjoint Professor", "description": null, "location": null, "logo_url": "https://media-exp1.licdn.com/dms/image/C4D0BAQGWXycGFw_dbw/company-logo_100_100/0/1519907999688?e=1655942400&v=beta&t=9P5uRXkR92cztHUI9RWoh8RTOPA4OSVkMawNGiZk-7U"}, {"starts_at": {"day": 1, "month": 1, "year": 2008}, "ends_at": {"day": 30, "month": 6, "year": 2012}, "company": "Northwestern University", "company_linkedin_profile_url": "https://www.linkedin.com/company/northwestern-university", "title": "Professor", "description": "Department of Electrical Engineering and Computer Science in McComick School of Engineering\nCourtesy Appointment in Department of Managerial Economics and Decision Science, Kellogg School of Management", "location": null, "logo_url": "https://media-exp1.licdn.com/dms/image/C4E0BAQH-sXOOSUF3aA/company-logo_100_100/0/1519856314413?e=1655942400&v=beta&t=h0v-36oVP_Tcafu7dFGSJj-JUV7D2s736F2wkq2KzxE"}, {"starts_at": {"day": 1, "month": 9, "year": 2003}, "ends_at": {"day": 31, "month": 12, "year": 2007}, "company": "University of Chicago", "company_linkedin_profile_url": "https://www.linkedin.com/company/uchicago", "title": "Professor", "description": "Department of Computer Science", "location": null, "logo_url": "https://media-exp1.licdn.com/dms/image/C4D0BAQHbp_dv8CAlpQ/company-logo_100_100/0/1596203153156?e=1655942400&v=beta&t=EukebTIATeA8f0h0B6lpma_qu64wciGIjkzWK4kUfiQ"}, {"starts_at": {"day": 1, "month": 9, "year": 1989}, "ends_at": {"day": 31, "month": 8, "year": 1999}, "company": "University of Chicago", "company_linkedin_profile_url": "https://www.linkedin.com/company/uchicago", "title": "Assistant/Associate Professor", "description": "Department of Computer Science", "location": null, "logo_url": "https://media-exp1.licdn.com/dms/image/C4D0BAQHbp_dv8CAlpQ/company-logo_100_100/0/1596203153156?e=1655942400&v=beta&t=EukebTIATeA8f0h0B6lpma_qu64wciGIjkzWK4kUfiQ"}, {"starts_at": {"day": 1, "month": 9, "year": 1999}, "ends_at": {"day": 30, "month": 9, "year": 2003}, "company": "NEC Research Institute", "company_linkedin_profile_url": "https://www.linkedin.com/company/nec", "title": "Senior Research Scientist", "description": null, "location": null, "logo_url": "https://media-exp1.licdn.com/dms/image/C510BAQF9V2bL8jiaRQ/company-logo_100_100/0/1532494517779?e=1655942400&v=beta&t=r3GwdzQuJxiIik281ULuB9gP7SEM-i8ByLQwKUxiAYE"}, {"starts_at": {"day": 1, "month": 9, "year": 2001}, "ends_at": {"day": 31, "month": 1, "year": 2002}, "company": "Princeton University", "company_linkedin_profile_url": "https://www.linkedin.com/company/princeton-university", "title": "Visiting Lecturer", "description": "Taught an undergraduate course on theory of computing in the computer science department.", "location": "Princeton, New Jersey, United States", "logo_url": "https://media-exp1.licdn.com/dms/image/C4E0BAQE4zTC5PJAKSA/company-logo_100_100/0/1604493402816?e=1655942400&v=beta&t=kvPc4_0I-WBzOavJKDk21RuArPL880cZOToZHVyjETQ"}, {"starts_at": {"day": 1, "month": 1, "year": 1996}, "ends_at": {"day": 31, "month": 12, "year": 1997}, "company": "University of Amsterdam", "company_linkedin_profile_url": "https://www.linkedin.com/company/university-of-amsterdam", "title": "Lecturer", "description": null, "location": null, "logo_url": "https://media-exp1.licdn.com/dms/image/C4E0BAQF0MjPIwQtmHQ/company-logo_100_100/0/1628523193304?e=1655942400&v=beta&t=Eh_7pO8qVIB9i1NS51wQ42X1g23qr-qRV4glS5_UV58"}], "education": [{"starts_at": {"day": 1, "month": 1, "year": 1986}, "ends_at": {"day": 31, "month": 12, "year": 1989}, "field_of_study": "Applied Mathematics", "degree_name": "Ph.D.", "school": "Massachusetts Institute of Technology", "school_linkedin_profile_url": "https://www.linkedin.com/school/mit/", "description": null, "logo_url": "https://media-exp1.licdn.com/dms/image/C4E0BAQHBK7qvTvtkZA/company-logo_100_100/0/1519856414204?e=1655942400&v=beta&t=xvpk-8NszpdxH2KGIkfjGXTexySIgxpbbRfeIJST1FQ", "grade": null, "activities_and_societies": null}, {"starts_at": {"day": 1, "month": 1, "year": 1985}, "ends_at": {"day": 31, "month": 12, "year": 1986}, "field_of_study": "Computer Science", "degree_name": "None", "school": "University of California, Berkeley", "school_linkedin_profile_url": "https://www.linkedin.com/school/uc-berkeley/", "description": null, "logo_url": "https://media-exp1.licdn.com/dms/image/C4D0BAQGF8uB7vUoJ0Q/company-logo_100_100/0/1639585476982?e=1655942400&v=beta&t=_1dF9Fien_w4m3xBPJDFmuaaTYrpuJ-OvhSx7K3zZoM", "grade": null, "activities_and_societies": null}, {"starts_at": {"day": 1, "month": 1, "year": 1981}, "ends_at": {"day": 31, "month": 12, "year": 1985}, "field_of_study": "Computer Science, Mathematics", "degree_name": "BA", "school": "Cornell University", "school_linkedin_profile_url": "https://www.linkedin.com/school/cornell-university/", "description": null, "logo_url": "https://media-exp1.licdn.com/dms/image/C560BAQE8SOXGRyv7LA/company-logo_100_100/0/1519856401039?e=1655942400&v=beta&t=Yx0h-4Rv3J2klEor8_AaQ9g9DzV6KqjCWpXNKyaRUdg", "grade": null, "activities_and_societies": null}], "languages": [], "accomplishment_organisations": [], "accomplishment_publications": [{"name": "Fifty Years of P vs. NP and the Possibility of the Impossible", "publisher": "Communication of the ACM", "published_on": {"day": 1, "month": 1, "year": 2022}, "description": "An update to the 2009 CACM survey viewing the P v NP problem through the lens of recent advances in computing, optimization, and machine learning.\n\nCompanion video: https://vimeo.com/649645372", "url": "https://cacm.acm.org/magazines/2022/1/257448-fifty-years-of-p-vs-np-and-the-possibility-of-the-impossible/fulltext"}, {"name": "The Golden Ticket: P, NP and the Search for the Impossible", "publisher": "Princeton University Press", "published_on": {"day": 25, "month": 3, "year": 2013}, "description": "Non-technical popular science book on the P v NP problem.", "url": "http://goldenticket.fortnow.com"}, {"name": "The Status of the P Versus NP Problem", "publisher": "Communications of the ACM", "published_on": {"day": 1, "month": 9, "year": 2009}, "description": "A survey of the well-known P versus NP problem that has over 275,000 downloads.", "url": "https://cacm.acm.org/magazines/2009/9/38904-the-status-of-the-p-versus-np-problem/fulltext"}, {"name": "Full List of Research Publications", "publisher": null, "published_on": null, "description": null, "url": "http://lance.fortnow.com/papers/"}], "accomplishment_honors_awards": [], "accomplishment_patents": [], "accomplishment_courses": [], "accomplishment_projects": [], "accomplishment_test_scores": [], "volunteer_work": [], "certifications": [], "connections": 500, "people_also_viewed": [{"link": "https://pt.linkedin.com/in/armando-matos-23a1a2b6", "name": "Armando Matos", "summary": "--", "location": "Portugal"}, {"link": "https://www.linkedin.com/in/kevin-mccusker-94170440", "name": "Kevin McCusker", "summary": "Patent Attorney at Alliance IP, LLC", "location": "Indianapolis, IN"}, {"link": "https://www.linkedin.com/in/geraldo-barbosa-8114ab225", "name": "Geraldo Barbosa", "summary": "President, KeyBITS Encryption Technologies LLC", "location": "Elkridge, MD"}, {"link": "https://www.linkedin.com/in/vinaytharayil", "name": "Vinay J Tharayil, M.D., BCMAS", "summary": "Associate Director, Field Medical Excellence at Astellas Pharma US", "location": "Greater Chicago Area"}, {"link": "https://www.linkedin.com/in/ndrwgrd", "name": "Andr\u00e9 J Guardia", "summary": "VC Analyst at Kaplan Institute: Building Companies at KI", "location": "Chicago, IL"}, {"link": "https://www.linkedin.com/in/olivia-dimmer-197b2326", "name": "Olivia Dimmer", "summary": "Writer, designer, storyteller.", "location": "Chicago, IL"}, {"link": "https://www.linkedin.com/in/rishab-malhotra-21baa85", "name": "Rishab Malhotra", "summary": "Associate Vice President at Illinois Institute of Technology", "location": "Greater Chicago Area"}, {"link": "https://www.linkedin.com/in/apatel13", "name": "Akshar Patel", "summary": "Implementation Specialist at Airtable", "location": "Greater Chicago Area"}, {"link": "https://www.linkedin.com/in/pablo-kurlat-2aa13b121", "name": "Pablo Kurlat", "summary": "Associate Professor at University of Southern California", "location": "Stanford, CA"}, {"link": "https://www.linkedin.com/in/callie-brown-mpa-11b18554", "name": "Callie Brown, MPA", "summary": "Academic Adviser at University of Chicago", "location": "Greater Chicago Area"}, {"link": "https://www.linkedin.com/in/alex-lehman-b8867122a", "name": "Alex Lehman", "summary": "Rides Unit Supervisor at Six Flags Great America", "location": "Greater Chicago Area"}, {"link": "https://www.linkedin.com/in/salman-habib-58b9871b3", "name": "Salman Habib", "summary": "Division Director at Argonne National Laboratory", "location": "Lemont, IL"}, {"link": "https://www.linkedin.com/in/lucas-mcconnell-4a5b6a196", "name": "Lucas McConnell", "summary": "University of Miami Herbert Business School", "location": "Burleson, TX"}, {"link": "https://es.linkedin.com/in/edouard-schaal-40737a37", "name": "Edouard Schaal", "summary": "Researcher at CREI - Centre de Recerca en Economia Internacional", "location": "Barcelona"}, {"link": "https://www.linkedin.com/in/benjamin-williams-63b54843", "name": "Benjamin Williams", "summary": "Associate Professor of Economics at The George Washington University, Economist at Amazon", "location": "United States"}, {"link": "https://www.linkedin.com/in/james-shanks-28bbb84a", "name": "James Shanks", "summary": "Safety Director, Cornell Laboratory for Accelerator-based Sciences and Education (CLASSE) at Cornell University", "location": "Ithaca, NY"}, {"link": "https://www.linkedin.com/in/anna-kreie-673593227", "name": "Anna Kreie", "summary": "Nursing Student at Texas Christian University", "location": "Fort Worth, TX"}, {"link": "https://www.linkedin.com/in/nicholas-jungwirth-93a6a9120", "name": "Nicholas Jungwirth", "summary": "Student at Cornell University", "location": "Tompkins County, NY"}, {"link": "https://www.linkedin.com/in/santoshkc", "name": "KC Santosh", "summary": "\ud835\uddd7\ud835\uddf2\ud835\uddfd\ud835\uddee\ud835\uddff\ud835\ude01\ud835\uddfa\ud835\uddf2\ud835\uddfb\ud835\ude01 \ud835\uddd6\ud835\uddf5\ud835\uddee\ud835\uddf6\ud835\uddff, \ud835\uddd6\ud835\uddfc\ud835\uddfa\ud835\uddfd\ud835\ude02\ud835\ude01\ud835\uddf2\ud835\uddff \ud835\udde6\ud835\uddf0\ud835\uddf6\ud835\uddf2\ud835\uddfb\ud835\uddf0\ud835\uddf2, \ud835\udde8\ud835\uddfb\ud835\uddf6\ud835\ude03\ud835\uddf2\ud835\uddff\ud835\ude00\ud835\uddf6\ud835\ude01\ud835\ude06 \ud835\uddfc\ud835\uddf3 \ud835\udde6\ud835\uddfc\ud835\ude02\ud835\ude01\ud835\uddf5 \ud835\uddd7\ud835\uddee\ud835\uddf8\ud835\uddfc\ud835\ude01\ud835\uddee | \ud835\uddd4\ud835\udddc/\ud835\uddd7\ud835\uddee\ud835\ude01\ud835\uddee \ud835\udde6\ud835\uddf0\ud835\uddf6\ud835\uddf2\ud835\uddfb\ud835\ude01\ud835\uddf6\ud835\ude00\ud835\ude01 | \ud835\udde3\ud835\uddf5\ud835\uddd7 (\ud835\udddc\ud835\udde1\ud835\udde5\ud835\udddc\ud835\uddd4)", "location": "Vermillion, SD"}], "recommendations": [], "activities": [{"title": "Today I rejoin Microsoft after a sabbatical of sorts.  Pi Day seems appropriate, considering I feel I'm coming full circle.  I'm so lucky to be in\u2026", "link": "https://www.linkedin.com/signup/cold-join", "activity_status": "Liked by Lance Fortnow"}, {"title": "Please do join us. Should be a great event.", "link": "https://www.linkedin.com/signup/cold-join", "activity_status": "Shared by Lance Fortnow"}, {"title": "Looking forward to another great Illinois Institute of Technology event on 3/11/2022. The College of Computing is hosting another fantastic panel\u2026", "link": "https://www.linkedin.com/signup/cold-join", "activity_status": "Liked by Lance Fortnow"}], "similarly_named_profiles": [], "articles": [], "groups": [{"profile_pic_url": "https://media-exp1.licdn.com/dms/image/C5607AQHZbXSeXlREKQ/group-logo_image-shrink_200x200/0/1631412690034?e=1648242000&v=beta&t=ENKJ1H6HRkyOWZ2lT0Vq4NE60NfEXY7kIrm-fKe9UiQ", "name": "MIT Massachusetts Institute of Technology Alumni", "url": "https://www.linkedin.com/groups/69586"}, {"profile_pic_url": "https://media-exp1.licdn.com/dms/image/C4D07AQGmEa6-vxjCbA/group-logo_image-shrink_200x200/0/1631362586051?e=1648242000&v=beta&t=lj-MALqgiouGQPeJxw4Ur-cDbRs8Ugly_0baJJpe_is", "name": "The Official Association for Computing Machinery (ACM) Group", "url": "https://www.linkedin.com/groups/36836"}, {"profile_pic_url": "https://media-exp1.licdn.com/dms/image/C4E07AQEk-UhUVnk8HA/group-logo_image-shrink_200x200/0/1631363659471?e=1648242000&v=beta&t=N5zm2xKHGsCYsWe1vnZCL5YG2H2Ld6cPmLpl9B83cIU", "name": "Baseball and Opera", "url": "https://www.linkedin.com/groups/8103076"}], "skills": [], "inferred_salary": null, "gender": null, "birth_date": null, "industry": null, "extra": null, "interests": [], "personal_emails": ["lance@fortnow.com"], "personal_numbers": []}
