{"public_identifier": "joel-miranda-4159801a1", "profile_pic_url": "https://media.licdn.com/dms/image/D5603AQFxn61a6XQ4hA/profile-displayphoto-shrink_400_400/0/1698636993580?e=1715212800&v=beta&t=8bQNwvjB_Aa8kMnsyS_oL-jzLwxIcXAx_t57TA0voX8", "background_cover_image_url": null, "first_name": "Joel", "last_name": "Miranda", "full_name": "Joel Miranda", "follower_count": 242, "occupation": "Software Developer at Global e-softsys", "headline": "\"Pursuing a Master's in Information Technology and Management | Aspiring Data Analyst | Proficient in Python, C, C++, SQL, Tableau, JavaScript, and HTML.\"", "summary": null, "country": "US", "country_full_name": "United States of America", "city": "Chicago", "state": "Illinois", "experiences": [{"starts_at": {"day": 1, "month": 7, "year": 2020}, "ends_at": {"day": 31, "month": 8, "year": 2022}, "company": "Global e-softsys", "company_linkedin_profile_url": null, "title": "Software Developer", "description": "Contributed to the complete Software Development Life Cycle, effectively integrating Agile methodology through consistent scrum meetings to ensure up-to-date user story progression. Thoroughly conducted unit tests to validate the holistic functionality of software solutions, while also strategically optimizing in-application SQL statements to enhance both stability and performance. Demonstrated expertise in crafting user-centric Databases, leveraging Stored Procedures for seamless data retrieval.\n\nDemonstrated a seasoned ability to meticulously analyze and proficiently resolve intricate payment-related matters, showcasing swift adaptation to C++ concepts. Showcased a remarkable capacity to thrive independently under minimal supervision, while simultaneously providing adept multi-channel technical support to diverse clientele.", "location": "Mangalore, karnataka, India \u00b7 On-site", "logo_url": null}], "education": [{"starts_at": {"day": 1, "month": 1, "year": 2023}, "ends_at": {"day": 31, "month": 12, "year": 2024}, "field_of_study": "Information Technology and Management", "degree_name": "Master of Science - MS", "school": "Illinois Institute of Technology", "school_linkedin_profile_url": "https://www.linkedin.com/company/6328/", "description": null, "logo_url": "https://media.licdn.com/dms/image/C4D0BAQEd6wnmQCCIHw/company-logo_400_400/0/1630559679535/illinois_institute_of_technology_logo?e=1717632000&v=beta&t=9_wR1v9lt8WVPSux8a585YLwqzmyIqxwEYp0mHeXRL0", "grade": null, "activities_and_societies": null}, {"starts_at": {"day": 1, "month": 1, "year": 2016}, "ends_at": {"day": 31, "month": 12, "year": 2020}, "field_of_study": "Computer Science", "degree_name": "Bachelor of Engineering - BE", "school": "St Joseph Engineering College, Mangaluru", "school_linkedin_profile_url": "https://www.linkedin.com/company/14586063/", "description": null, "logo_url": "https://media.licdn.com/dms/image/C510BAQHUrhaaz7wHRg/company-logo_400_400/0/1630580910897?e=1717632000&v=beta&t=tbf693U6d8g77lw5_CzkVR7_ADBghGj6pvrdVu8R9Wo", "grade": null, "activities_and_societies": null}], "languages": [], "accomplishment_organisations": [], "accomplishment_publications": [], "accomplishment_honors_awards": [], "accomplishment_patents": [], "accomplishment_courses": [], "accomplishment_projects": [], "accomplishment_test_scores": [], "volunteer_work": [], "certifications": [], "connections": 242, "people_also_viewed": [], "recommendations": [], "activities": [], "similarly_named_profiles": [], "articles": [], "groups": [{"profile_pic_url": "https://media.licdn.com/dms/image/C5607AQFl-D6m1dwq1w/group-logo_image-shrink_48x48/0/1544605905417?e=1710198000&v=beta&t=xayZdjgtZN6GBxsnuP_W9jCtJNljCt6YvYq8-mX5n3o", "name": "Business Intelligence, Analytics & Data Visualization (Moderated)", "url": "https://www.linkedin.com/groups/40057"}, {"profile_pic_url": "https://media.licdn.com/dms/image/D5607AQG7bipm7ZScgQ/group-logo_image-shrink_400x400/0/1695559679938?e=1710198000&v=beta&t=wM8RC7UBZ5N5pCZYaxkPBOCAmr0Ovh7BADz5WsbTN38", "name": "Illinois Tech \ud835\uddd6\ud835\uddee\ud835\uddff\ud835\uddf2\ud835\uddf2\ud835\uddff \ud835\udde6\ud835\uddf2\ud835\uddff\ud835\ude03\ud835\uddf6\ud835\uddf0\ud835\uddf2\ud835\ude00", "url": "https://www.linkedin.com/groups/14088794"}], "skills": [], "inferred_salary": null, "gender": null, "birth_date": null, "industry": null, "extra": null, "interests": [], "personal_emails": [], "personal_numbers": []}
