{"public_identifier": "rajcharan-haridasu-3993a2216", "profile_pic_url": "https://media.licdn.com/dms/image/D5603AQHnILA238S2UQ/profile-displayphoto-shrink_400_400/0/1692568842985?e=1715212800&v=beta&t=NkpNOb87vnKFeh6h_D1CLntHO_l5BoqssGPJ-es1G64", "background_cover_image_url": null, "first_name": "Rajcharan", "last_name": "Haridasu", "full_name": "Rajcharan Haridasu", "follower_count": 1052, "occupation": "Executive at InfoCepts", "headline": "Actively looking for Summer 2024 Internships | MS-ITM Data Analytics | Graduate Student at Illinois Institute of Technology |", "summary": null, "country": "US", "country_full_name": "United States of America", "city": "Chicago", "state": "Illinois", "experiences": [{"starts_at": {"day": 1, "month": 1, "year": 2023}, "ends_at": {"day": 31, "month": 8, "year": 2023}, "company": "InfoCepts", "company_linkedin_profile_url": "https://www.linkedin.com/company/infocepts", "title": "Executive", "description": null, "location": "Chennai, Tamil Nadu, India", "logo_url": "https://media.licdn.com/dms/image/D560BAQEUVCxfcjvPPw/company-logo_400_400/0/1688461463479/infocepts_logo?e=1717632000&v=beta&t=9TDG9jru7f1CBPdakjQS4Uvdc0G7_IF-4xFPFRsHamw"}, {"starts_at": {"day": 1, "month": 9, "year": 2021}, "ends_at": {"day": 31, "month": 12, "year": 2022}, "company": "InfoCepts", "company_linkedin_profile_url": "https://www.linkedin.com/company/infocepts", "title": "Associate Analyst", "description": null, "location": "Chennai, Tamil Nadu, India", "logo_url": "https://media.licdn.com/dms/image/D560BAQEUVCxfcjvPPw/company-logo_400_400/0/1688461463479/infocepts_logo?e=1717632000&v=beta&t=9TDG9jru7f1CBPdakjQS4Uvdc0G7_IF-4xFPFRsHamw"}, {"starts_at": {"day": 1, "month": 3, "year": 2021}, "ends_at": {"day": 31, "month": 8, "year": 2021}, "company": "InfoCepts", "company_linkedin_profile_url": "https://www.linkedin.com/company/infocepts", "title": "Assistant Associate", "description": null, "location": "Chennai, Tamil Nadu, India", "logo_url": "https://media.licdn.com/dms/image/D560BAQEUVCxfcjvPPw/company-logo_400_400/0/1688461463479/infocepts_logo?e=1717632000&v=beta&t=9TDG9jru7f1CBPdakjQS4Uvdc0G7_IF-4xFPFRsHamw"}, {"starts_at": {"day": 1, "month": 5, "year": 2019}, "ends_at": {"day": 30, "month": 6, "year": 2019}, "company": "Oil and Natural Gas Corporation Ltd", "company_linkedin_profile_url": "https://www.linkedin.com/company/oilandnaturalgascorporation", "title": "Intern", "description": null, "location": "Rajahmundry, Andhra Pradesh, India", "logo_url": "https://media.licdn.com/dms/image/D4D0BAQEVKfWaQUifVw/company-logo_400_400/0/1665123354197?e=1717632000&v=beta&t=iAsWHTNnSyJUxNL65WGy4Ut60PYCEZAU-ZXBrHymp04"}], "education": [{"starts_at": {"day": 1, "month": 8, "year": 2023}, "ends_at": {"day": 31, "month": 7, "year": 2025}, "field_of_study": "Information Technology and Management", "degree_name": "Master's degree", "school": "Illinois Institute of Technology", "school_linkedin_profile_url": "https://www.linkedin.com/company/6328/", "description": null, "logo_url": "https://media.licdn.com/dms/image/C4D0BAQEd6wnmQCCIHw/company-logo_400_400/0/1630559679535/illinois_institute_of_technology_logo?e=1717632000&v=beta&t=9_wR1v9lt8WVPSux8a585YLwqzmyIqxwEYp0mHeXRL0", "grade": null, "activities_and_societies": null}, {"starts_at": {"day": 1, "month": 1, "year": 2017}, "ends_at": {"day": 31, "month": 12, "year": 2021}, "field_of_study": "Electronics and communication Engineering", "degree_name": "Bachelor of Technology - BTech", "school": "SRM University", "school_linkedin_profile_url": "https://www.linkedin.com/company/879960/", "description": null, "logo_url": "https://media.licdn.com/dms/image/C510BAQHO4Qj_rvGxUA/company-logo_400_400/0/1630600315247?e=1717632000&v=beta&t=ukNaKZGVAezpcWdIQVIKD1aLVGE2eq9s4rCJ0mpoSKo", "grade": null, "activities_and_societies": null}, {"starts_at": {"day": 1, "month": 7, "year": 2015}, "ends_at": {"day": 31, "month": 7, "year": 2017}, "field_of_study": "MPC", "degree_name": "Intermediate", "school": "Sri Chaitanya College of Education", "school_linkedin_profile_url": "https://www.linkedin.com/company/15102548/", "description": null, "logo_url": "https://media.licdn.com/dms/image/C4E0BAQFGcnCCVep9bw/company-logo_400_400-alternative/0/1630620788881/sri_chaitanya_college_of_education_logo?e=1717632000&v=beta&t=IsHfIaWk5oD-fdGg7aO0u2xz4GMYe-kWLXtvJYy-m5A", "grade": null, "activities_and_societies": null}, {"starts_at": {"day": 1, "month": 7, "year": 2004}, "ends_at": {"day": 31, "month": 7, "year": 2015}, "field_of_study": "ICSE", "degree_name": "10th", "school": "St.Ann\u2019s", "school_linkedin_profile_url": null, "description": null, "logo_url": null, "grade": null, "activities_and_societies": null}], "languages": [], "accomplishment_organisations": [], "accomplishment_publications": [], "accomplishment_honors_awards": [], "accomplishment_patents": [], "accomplishment_courses": [], "accomplishment_projects": [], "accomplishment_test_scores": [], "volunteer_work": [], "certifications": [], "connections": 1058, "people_also_viewed": [], "recommendations": [], "activities": [], "similarly_named_profiles": [], "articles": [], "groups": [{"profile_pic_url": "https://media.licdn.com/dms/image/D5607AQG7bipm7ZScgQ/group-logo_image-shrink_400x400/0/1695559679938?e=1710302400&v=beta&t=VoAgSqP3GctKB91oT0yHAxK8Qkv6XCW8cBZJzJbbjJ4", "name": "Illinois Tech \ud835\uddd6\ud835\uddee\ud835\uddff\ud835\uddf2\ud835\uddf2\ud835\uddff \ud835\udde6\ud835\uddf2\ud835\uddff\ud835\ude03\ud835\uddf6\ud835\uddf0\ud835\uddf2\ud835\ude00", "url": "https://www.linkedin.com/groups/14088794"}], "skills": [], "inferred_salary": null, "gender": null, "birth_date": null, "industry": null, "extra": null, "interests": [], "personal_emails": [], "personal_numbers": []}
