{"public_identifier": "rajeshgopinathan", "profile_pic_url": "https://s3.us-west-000.backblazeb2.com/proxycurl/person/rajeshgopinathan/profile?X-Amz-Algorithm=AWS4-HMAC-SHA256&X-Amz-Credential=0004d7f56a0400b0000000001%2F20240306%2Fus-west-000%2Fs3%2Faws4_request&X-Amz-Date=20240306T050031Z&X-Amz-Expires=3600&X-Amz-SignedHeaders=host&X-Amz-Signature=39bfd5156ce3c0fb2cadc320d5110de4e64cc9dc8b608a9b4eef3c39e3acb33d", "background_cover_image_url": "https://s3.us-west-000.backblazeb2.com/proxycurl/person/rajeshgopinathan/cover?X-Amz-Algorithm=AWS4-HMAC-SHA256&X-Amz-Credential=0004d7f56a0400b0000000001%2F20240306%2Fus-west-000%2Fs3%2Faws4_request&X-Amz-Date=20240306T050031Z&X-Amz-Expires=3600&X-Amz-SignedHeaders=host&X-Amz-Signature=f5591845c880a39a6265c8ff5097a74cc6a10e3430a9f021ce199b74af1dbcd3", "first_name": "Rajesh", "last_name": "Gopinathan", "full_name": "Rajesh Gopinathan", "follower_count": 177946, "occupation": "Professor of Practice, Head Translational Research & Entrepreneurship at Indian Institute of Technology, Bombay", "headline": "Mumbai, India", "summary": "Rajesh Gopinathan joined IIT Bombay as Professor of Practice in the DS School of Entrepreneurship, and Head Translational Research & Entrepreneurship.  \n\nIIT Bombay has been pioneering multiple initiatives to advance applied research and entrepreneurship, such as India\u2019s first deep tech incubator, SINE, which has helped create multiple startups, the upcoming IITB research park, India\u2019s first school on entrepreneurship, and multiple industry specific applied research initiatives for e.g, in biotech, medical devices and AI. A translational research centre to support transition of IP from lab to industry has also been created recently. The new position of Head, Translational Research and Entrepreneurship has been created to further accelerate these initiatives.\n\nPrior to joining IIT Bombay, Rajesh was the Chief Executive Officer and Managing Director of Tata Consultancy Services (TCS), a leading global IT solutions and consulting firm. \n\nHe has played a key role in helping TCS become a USD 28 billion global company by March 2023. With over 600,000 consultants, TCS is one of the largest private sector employers globally and was recognized as a Global Top Employer for the fifth consecutive year, with the highest retention rate in a competitive industry. \n\nUnder Rajesh\u2019s leadership, the market capitalization of the company reached USD 145 billion in May 2023, making TCS the second most valuable company in India. TCS was recognized as the fastest growing brand in the IT industry for 2020 with its brand value increasing to USD 13.5 billion, thus consolidating its position as one of the top 3 IT Services brands for the second year in a row. ", "country": "IN", "country_full_name": "India", "city": "Mumbai", "state": "Maharashtra", "experiences": [{"starts_at": {"day": 1, "month": 12, "year": 2023}, "ends_at": null, "company": "Indian Institute of Technology, Bombay", "company_linkedin_profile_url": "https://www.linkedin.com/school/indian-institute-of-technology-bombay/", "title": "Professor of Practice, Head Translational Research & Entrepreneurship", "description": null, "location": null, "logo_url": "https://media.licdn.com/dms/image/C4D0BAQGmDoDCx_FYpA/company-logo_400_400/0/1660636307357/indian_institute_of_technology_bombay_logo?e=1713398400&v=beta&t=NaxICRXGgpwZRLkYWdbpj51ADe4sY-u8xF6tzDgausI"}, {"starts_at": {"day": 1, "month": 2, "year": 2017}, "ends_at": {"day": 30, "month": 6, "year": 2023}, "company": "Tata Consultancy Services", "company_linkedin_profile_url": "https://www.linkedin.com/company/tata-consultancy-services/", "title": "Chief Executive Officer ", "description": null, "location": "Mumbai Area, India", "logo_url": "https://media.licdn.com/dms/image/C4D0BAQFPP1NRP4F5dQ/company-logo_400_400/0/1656657978597/tata_consultancy_services_logo?e=1713398400&v=beta&t=cyfQmNdq_z4JmUL0rj5Zx6BZ8edPiHYLiRI4-C4H21k"}, {"starts_at": {"day": 1, "month": 1, "year": 2013}, "ends_at": {"day": 31, "month": 1, "year": 2017}, "company": "Tata Consultancy Services", "company_linkedin_profile_url": "https://www.linkedin.com/company/tata-consultancy-services/", "title": "Chief Financial Officer", "description": null, "location": "Mumbai Area, India", "logo_url": "https://media.licdn.com/dms/image/C4D0BAQFPP1NRP4F5dQ/company-logo_400_400/0/1656657978597/tata_consultancy_services_logo?e=1713398400&v=beta&t=cyfQmNdq_z4JmUL0rj5Zx6BZ8edPiHYLiRI4-C4H21k"}, {"starts_at": {"day": 1, "month": 1, "year": 2001}, "ends_at": {"day": 28, "month": 2, "year": 2013}, "company": "Tata Consultancy Services", "company_linkedin_profile_url": "https://www.linkedin.com/company/tata-consultancy-services/", "title": "Multiple Roles", "description": "Worked across operations, sales and corporate functions.", "location": null, "logo_url": "https://media.licdn.com/dms/image/C4D0BAQFPP1NRP4F5dQ/company-logo_400_400/0/1656657978597/tata_consultancy_services_logo?e=1713398400&v=beta&t=cyfQmNdq_z4JmUL0rj5Zx6BZ8edPiHYLiRI4-C4H21k"}, {"starts_at": {"day": 1, "month": 4, "year": 1996}, "ends_at": {"day": 31, "month": 12, "year": 2000}, "company": "Tata Strategic Management Group", "company_linkedin_profile_url": null, "title": "Manager", "description": null, "location": "Mumbai, Maharashtra, India", "logo_url": null}], "education": [{"starts_at": {"day": 1, "month": 1, "year": 1994}, "ends_at": {"day": 31, "month": 1, "year": 1996}, "field_of_study": null, "degree_name": "PGDM", "school": "Indian Institute of Management Ahmedabad", "school_linkedin_profile_url": null, "description": null, "logo_url": "https://media.licdn.com/dms/image/D4D0BAQEM7igMMa_i9w/company-logo_400_400/0/1667468152053/iimahmedabad_logo?e=1713398400&v=beta&t=jkpGpXOP0u3b_FguhnO3lVzTEye_p46LArodcbLTTSs", "grade": null, "activities_and_societies": null}, {"starts_at": {"day": 1, "month": 1, "year": 1990}, "ends_at": {"day": 31, "month": 1, "year": 1994}, "field_of_study": "Electrical and Electronics Engineering", "degree_name": "Bachelor of Engineering - BE", "school": "National Institute of Technology, Tiruchirappalli", "school_linkedin_profile_url": null, "description": null, "logo_url": "https://media.licdn.com/dms/image/D560BAQFryFNz3kWsbg/company-logo_400_400/0/1692791348408/nittrichy_logo?e=1713398400&v=beta&t=aZxzIDTRowmPOeaUQ__epwv9rjJD2eVZCujz12Mal5c", "grade": null, "activities_and_societies": null}], "languages": [], "accomplishment_organisations": [], "accomplishment_publications": [], "accomplishment_honors_awards": [{"title": "Outstanding Business Leader of the Year", "issuer": "CNBC TV18 India Business Leader Awards", "issued_on": {"day": 1, "month": 2, "year": 2020}, "description": null}, {"title": "CEO Force for Good Award", "issuer": "Chief Executive for Corporate Purpose (CECP)", "issued_on": {"day": 1, "month": 1, "year": 2019}, "description": null}, {"title": "Management Man Achiever of the Year", "issuer": "Bombay Management Association ", "issued_on": {"day": 1, "month": 1, "year": 2019}, "description": null}, {"title": "Top 100 Global CEO's  - Brand Guardianship Index", "issuer": "Brand Finance", "issued_on": {"day": 1, "month": 1, "year": 2019}, "description": null}, {"title": "Best CEO", "issuer": "Instituional Investor's All Asia Executive Team", "issued_on": {"day": 1, "month": 1, "year": 2018}, "description": null}, {"title": "Young Alumni Achiever's Award", "issuer": "IIM Ahemdabad", "issued_on": {"day": 1, "month": 1, "year": 2014}, "description": null}], "accomplishment_patents": [], "accomplishment_courses": [], "accomplishment_projects": [], "accomplishment_test_scores": [], "volunteer_work": [], "certifications": [], "connections": null, "people_also_viewed": [{"link": "https://www.linkedin.com/in/surya-kant-tcs", "name": "Surya Kant", "summary": "Senior Advisor, Tata Sons. Former Chairman North America, Tata Consultancy Services", "location": null}, {"link": "https://www.linkedin.com/in/milind-lakkad-a7b05516", "name": "Milind Lakkad", "summary": "Executive Vice President and CHRO at Tata Consultancy Services", "location": null}, {"link": "https://www.linkedin.com/in/n-g-subramaniam-a6a25a2", "name": "N. G Subramaniam", "summary": "Chief Operating Officer & Executive Director at Tata Consultancy Services", "location": null}, {"link": "https://www.linkedin.com/in/krishnan-ramanujam-a0015413", "name": "Krishnan Ramanujam", "summary": "President, Enterprise Growth Business at Tata Consultancy Services", "location": null}, {"link": "https://www.linkedin.com/in/dr-ritu-anand-9343065", "name": "Dr. Ritu Anand", "summary": "Shares work and life experiences", "location": null}, {"link": "https://www.linkedin.com/in/samir-seksaria-3526244", "name": "Samir Seksaria", "summary": "Chief Financial Officer at Tata Consultancy Services", "location": null}, {"link": "https://www.linkedin.com/in/ananth-krishnan-b1a5b6", "name": "Ananth Krishnan", "summary": "CTO of Tata Consultancy Services", "location": null}, {"link": "https://www.linkedin.com/in/satish-thiagarajan-6496a96", "name": "Satish Thiagarajan", "summary": "Chief Operating Officer Tata Consultancy Services Japan", "location": null}, {"link": "https://www.linkedin.com/in/dinanathkholkar", "name": "Dinanath Kholkar", "summary": "Senior Vice President and Global Head of Partner Ecosystems & Alliances at TCS | Chair, Industry Relations IEEE Pune Section | Distinguished Alumnus VJTI | Executive committee MCCIA | PIC | PKC | ACM", "location": null}, {"link": "https://www.linkedin.com/in/rajashree-r-107401", "name": "Rajashree R", "summary": "Chief Marketing Officer at TCS", "location": null}], "recommendations": [], "activities": [], "similarly_named_profiles": [{"name": "Rajesh Gopinathan", "link": "https://uk.linkedin.com/in/rajesh-gopinathan-636a1038", "summary": "Insurance product consultant, Allianz Business System L1 L2 certified", "location": "Huddersfield"}, {"name": "Rajesh Gopinathan", "link": "https://in.linkedin.com/in/gopinathanrajesh", "summary": "(Nobody is ready to fund my company) Other than cribbing, I know Sales, Marketing, Kids segment (Toys, Early development and care).", "location": "Mumbai"}, {"name": "Rajesh Gopinathan", "link": "https://in.linkedin.com/in/rajesh-gopinathan-5325661b", "summary": "CEO at CORN HOUSE , suppliers of Saffron and Sandalwood oil", "location": "Kottayam"}, {"name": "Rajesh Gopinathan", "link": "https://in.linkedin.com/in/hello2rajg", "summary": "Senior Consultant\\Technical Trainer (18+ yrs)", "location": "Bangalore Urban"}], "articles": [], "groups": [], "skills": [], "inferred_salary": null, "gender": null, "birth_date": null, "industry": null, "extra": null, "interests": [], "personal_emails": [], "personal_numbers": []}
