{"public_identifier": "reidhoffman", "profile_pic_url": "https://s3.us-west-000.backblazeb2.com/proxycurl/person/reidhoffman/profile?X-Amz-Algorithm=AWS4-HMAC-SHA256&X-Amz-Credential=0004d7f56a0400b0000000001%2F20240305%2Fus-west-000%2Fs3%2Faws4_request&X-Amz-Date=20240305T232217Z&X-Amz-Expires=3600&X-Amz-SignedHeaders=host&X-Amz-Signature=c2111c886de3a5a4a1bad5903749dce094d5365a0b2acc6791d1b395f7aff0ef", "background_cover_image_url": "https://s3.us-west-000.backblazeb2.com/proxycurl/person/reidhoffman/cover?X-Amz-Algorithm=AWS4-HMAC-SHA256&X-Amz-Credential=0004d7f56a0400b0000000001%2F20240305%2Fus-west-000%2Fs3%2Faws4_request&X-Amz-Date=20240305T232217Z&X-Amz-Expires=3600&X-Amz-SignedHeaders=host&X-Amz-Signature=a13a84abdf2a780e565bea589d25aab09248e24f08b5c978d2a790405613ee7c", "first_name": "Reid", "last_name": "Hoffman", "full_name": "Reid Hoffman", "follower_count": 2615624, "occupation": "Partner at Greylock", "headline": "Entrepreneur.  Product and Business Strategist.  Investor.  Podcaster.  Author.", "summary": "All aspects of consumer internet and software.  Focus is on product development, innovation, business strategy, and finance, but includes general management, operations, business operations, business development, talent management, and marketing.  Strong experience in both seed-stage companies (paypal, linkedin, facebook, zynga, last.fm, flickr) and growth companies (mozilla, linkedin, zynga, paypal.)\n\nSpecialties: General management, product development, business models, strategy, negotiation, financing, deal structure,  international, marketing, brand development, brand management, business development, public relations, press strategy, payments infrastructure, financial services, mergers and acquisitions, start-ups, business development, software development, operations centers, board management, investing.", "country": "US", "country_full_name": "United States of America", "city": "United States", "state": null, "experiences": [{"starts_at": {"day": 1, "month": 1, "year": 2018}, "ends_at": null, "company": "Aurora", "company_linkedin_profile_url": "https://www.linkedin.com/company/auroradriver/", "title": "Board Member", "description": "Aurora delivers the benefits of self-driving technology quickly and safely around the world.", "location": "Palo Alto, California, United States", "logo_url": "https://media.licdn.com/dms/image/C560BAQHQD9GxfHZWXQ/company-logo_400_400/0/1656522850610/auroradriver_logo?e=1717027200&v=beta&t=AKq9YHDPhXm-PlRO8EdAMBKtPpc_T4zgDvpLakDwEyY"}, {"starts_at": {"day": 1, "month": 11, "year": 2014}, "ends_at": null, "company": "Blockstream", "company_linkedin_profile_url": "https://www.linkedin.com/company/blockstream/", "title": "Board Member", "description": "Blockstream was founded to develop new ways to accelerate innovation in crypto currencies, open assets and smart contracts.", "location": "San Francisco Bay Area", "logo_url": "https://media.licdn.com/dms/image/C560BAQHGz47_KjdEow/company-logo_400_400/0/1630663496557/blockstream_logo?e=1717027200&v=beta&t=PjzOXT3fIAV5fT0ds7gsCcMBnYo8g_pZGAyzmvPn1pg"}, {"starts_at": {"day": 1, "month": 10, "year": 2014}, "ends_at": null, "company": "Coda", "company_linkedin_profile_url": "https://www.linkedin.com/company/codainc/", "title": "Board Member", "description": "Docs are the new apps. Coda is on a mission to make documents the platform for applications. Coda reinvents shared, live-data in docs from the ground up. Coda docs erase the boundaries between words and data. And make it so everyone can work together, in their own way, off a single source of truth.", "location": "Palo Alto, CA", "logo_url": "https://media.licdn.com/dms/image/C4E0BAQHYLKDSBpAF5g/company-logo_400_400/0/1630649515920/codainc_logo?e=1717027200&v=beta&t=RIjbmIOVvr5eJ9CzHl1yyWjH93FzYV_RB4Va2ifDoNI"}, {"starts_at": {"day": 1, "month": 9, "year": 2017}, "ends_at": null, "company": "Entrepreneur First", "company_linkedin_profile_url": "https://www.linkedin.com/company/entrepreneur-first/", "title": "Board Member", "description": "Turning exceptional individuals into exceptional founders.", "location": "London, United Kingdom", "logo_url": "https://media.licdn.com/dms/image/D4E0BAQFVNWbOq8zpjg/company-logo_400_400/0/1695139054297/entrepreneur_first_logo?e=1717027200&v=beta&t=VYbyqzLuYHpBFujIkItamuHYrKgNiDR7RL_hK__Pqdc"}, {"starts_at": {"day": 1, "month": 11, "year": 2009}, "ends_at": null, "company": "Greylock", "company_linkedin_profile_url": "https://www.linkedin.com/company/greylock-partners/", "title": "Partner", "description": "Greylock partners with entrepreneurs to build market-transforming companies.  Notable Greylock portfolio includes companies like Linkedin, Airbnb, Facebook, Workday, Roblox, Palo Alto Networks, Dropbox, Pure Storage, Instagram and Discord.  I represent Greylock on the boards of Aurora, Coda, Entrepreneur First, Tome, and Nauto.  \n\nMy primary focus is world-class entrepreneurs with bold new ideas with the possibility of massive scale.  I also focus on companies in domains where my product and entrepreneurial experience applies strongly: consumer internet, enterprise 2.0, mobile, social gaming, online marketplaces, payments, SAAS, and social networks.  \n\nGetting a reference through someone I know is the best way to get attention from me as an investor, or any other capacity.", "location": "Menlo Park, CA", "logo_url": "https://media.licdn.com/dms/image/D560BAQHZfaCTQg-MEg/company-logo_400_400/0/1696309893203/greylock_partners_logo?e=1717027200&v=beta&t=Jksa0dbicaABLKqBjtl5xBIKNZU3cftZlskI6xE9wOo"}, {"starts_at": {"day": 1, "month": 3, "year": 2022}, "ends_at": null, "company": "Inflection AI", "company_linkedin_profile_url": "https://www.linkedin.com/company/inflectionai/", "title": "Co-founder, Board Member", "description": "Throughout the history of computing, humans have had to learn to speak the language of machines. In the new paradigm, machines will understand our language.\n\nRecent advances in artificial intelligence promise to fundamentally redefine human-machine interaction. We will soon have the ability to relay our thoughts and ideas to computers using the same natural, conversational language we use to communicate with people. Over time, these new language capabilities will revolutionize what it means to have a digital experience.", "location": "Palo Alto, California, United States", "logo_url": "https://media.licdn.com/dms/image/C4D0BAQFr8rR19fo6iw/company-logo_400_400/0/1646755622740/inflectionai_logo?e=1717027200&v=beta&t=rXbPKeEjjuTVRXLagrf34C_hGQPBUpOcZE2_TKzi6_o"}, {"starts_at": {"day": 1, "month": 8, "year": 2021}, "ends_at": null, "company": "Joby Aviation", "company_linkedin_profile_url": "https://www.linkedin.com/company/jobyaviation/", "title": "Board Member", "description": "Making our city's transportation grid 3-D: safe, climate healthier, and fast.", "location": "Santa Cruz, California, United States", "logo_url": "https://media.licdn.com/dms/image/C560BAQE85DQedMnnZg/company-logo_400_400-alternative/0/1630649314281/jobyaviation_logo?e=1717027200&v=beta&t=pirp5z8fyrfGqg4UdAw2HfJ9IyzBRHSO5aksRS9YlT8"}, {"starts_at": {"day": 1, "month": 3, "year": 2017}, "ends_at": null, "company": "Microsoft", "company_linkedin_profile_url": "https://www.linkedin.com/company/microsoft/", "title": "Board Member", "description": "Microsoft's mission is to empower every person and every organization on the planet to achieve more.", "location": "Seattle, Washington, United States", "logo_url": "https://media.licdn.com/dms/image/C560BAQE88xCsONDULQ/company-logo_400_400/0/1630652622688/microsoft_logo?e=1717027200&v=beta&t=vJuJMEVKU-coGSKALHREaso5aqPzdwsaFDuQRlqyE28"}, {"starts_at": {"day": 1, "month": 8, "year": 2017}, "ends_at": null, "company": "NAUTO", "company_linkedin_profile_url": "https://www.linkedin.com/company/nauto/", "title": "Board Member", "description": "Artificial intelligence cloud data platform to improve transportation safety, develop autonomy, and improve urban mobility.", "location": "Palo Alto, CA", "logo_url": "https://media.licdn.com/dms/image/C560BAQF9PtrUlpTKyQ/company-logo_400_400/0/1662156303886/nauto_logo?e=1717027200&v=beta&t=dZ-4CpOnbO-BCcaDVaGkdmwjSC6Y4MpqzNsWRS693v0"}, {"starts_at": {"day": 1, "month": 8, "year": 2017}, "ends_at": null, "company": "Village Global", "company_linkedin_profile_url": "https://www.linkedin.com/company/villageglobal/", "title": "Chairperson", "description": "Village Global is a network-native VC firm backed by tech industry luminaries. When you join Village, seed capital is just the beginning. Village helps you go faster with an incredible founder community, expert advice, and game-changing introductions.", "location": "Seattle, Washington, United States", "logo_url": "https://media.licdn.com/dms/image/C4D0BAQHNJ_K4_nQp2A/company-logo_400_400/0/1631342192322?e=1717027200&v=beta&t=JgZG2iF3C08hbnFndIDNVKChfrRzjlMa1RsogkqKOxM"}], "education": [{"starts_at": {"day": 1, "month": 1, "year": 2020}, "ends_at": {"day": 31, "month": 1, "year": 2020}, "field_of_study": "Faculty of Information Technology and Electrical Engineering", "degree_name": "Honorary Doctor", "school": "University of Oulu", "school_linkedin_profile_url": null, "description": null, "logo_url": "https://media.licdn.com/dms/image/D4E0BAQHu0BWtQX586A/company-logo_400_400/0/1691396242467/university_of_oulu_logo?e=1717027200&v=beta&t=KyQhWDh9eOfI-EAQE1pvSvemm0_reE7RY58LhYRVC7Y", "grade": null, "activities_and_societies": null}, {"starts_at": {"day": 1, "month": 1, "year": 2012}, "ends_at": {"day": 31, "month": 1, "year": 2012}, "field_of_study": "Entrepreneurship/Entrepreneurial Studies", "degree_name": "Honorary Doctor of Laws", "school": "Babson College", "school_linkedin_profile_url": null, "description": null, "logo_url": "https://media.licdn.com/dms/image/C4E0BAQG9uoVqHj4dSg/company-logo_400_400/0/1630613547672/babson_college_logo?e=1717027200&v=beta&t=nSV1V883LLyacVZEpwj9iX5-rIy1ROCdRL5NB3fGo7Q", "grade": null, "activities_and_societies": null}, {"starts_at": {"day": 1, "month": 9, "year": 1990}, "ends_at": {"day": 30, "month": 6, "year": 1993}, "field_of_study": "Philosophy", "degree_name": "M.St.", "school": "University of Oxford", "school_linkedin_profile_url": null, "description": null, "logo_url": "https://media.licdn.com/dms/image/C560BAQGwPZs3spXFqw/company-logo_400_400/0/1630592784438/university_of_oxford_logo?e=1717027200&v=beta&t=sN3aglhl8dybYeptPzKtDmDxOIKJcbqbqGCQtbUSkzg", "grade": null, "activities_and_societies": "Wolfson College, Matthew Arnold Prize (Proxime Accessit)"}, {"starts_at": {"day": 1, "month": 1, "year": 1985}, "ends_at": {"day": 31, "month": 1, "year": 1990}, "field_of_study": "Symbolic Systems", "degree_name": "B.S.", "school": "Stanford University", "school_linkedin_profile_url": null, "description": null, "logo_url": "https://media.licdn.com/dms/image/C560BAQHr9suxyJBXMw/company-logo_400_400/0/1635534378870/stanford_university_logo?e=1717027200&v=beta&t=MKoD1VVzYmpYpdULiz17bb-X421Q8_DaNrUYhOuo-ic", "grade": null, "activities_and_societies": "Marshall Scholar, Dinkelspiel Award, Golden Grant, Founder of the Symbolic Systems Forum"}, {"starts_at": {"day": 1, "month": 1, "year": 1982}, "ends_at": {"day": 31, "month": 1, "year": 1985}, "field_of_study": "Highschool", "degree_name": "Diploma", "school": "The Putney School", "school_linkedin_profile_url": null, "description": null, "logo_url": null, "grade": null, "activities_and_societies": "X-country skiing, soccer, rebuilding Nova Scotia house"}], "languages": [], "accomplishment_organisations": [], "accomplishment_publications": [{"name": "Masters of Scale", "publisher": "Currency", "published_on": {"day": 1, "month": 1, "year": 2021}, "description": null, "url": "https://book.mastersofscale.com/"}, {"name": "Blitzscaling", "publisher": "Currency", "published_on": {"day": 1, "month": 1, "year": 2018}, "description": null, "url": "https://www.blitzscaling.com/"}, {"name": "The Alliance", "publisher": "Harvard Business Review Press", "published_on": {"day": 1, "month": 1, "year": 2014}, "description": null, "url": "http://www.theallianceframework.com/"}, {"name": "The Startup of You", "publisher": "Crown", "published_on": {"day": 1, "month": 1, "year": 2012}, "description": null, "url": "http://www.startupofyou.com"}], "accomplishment_honors_awards": [{"title": "Sigillum Magnum", "issuer": "University of Bologna", "issued_on": {"day": 1, "month": 9, "year": 2023}, "description": "Sigillum Magnum is a silver-bronze medal realized in 1888. The medal is composed by some single medals of the Corporations which were forming the Bolognese Study.  The University of Bologna is the oldest Western university in the world, founded in 1088."}, {"title": "Member, Academy of Arts and Sciences", "issuer": "Academy of Arts and Sciences", "issued_on": {"day": 1, "month": 4, "year": 2018}, "description": "Founded during the American Revolution by John Adams, James Bowdoin, John Hancock, and other prominent contributors to the establishment of the new nation, the Academy has a rich intellectual history spanning more than 230 years.\n\nSince its founding in 1780, the Academy has provided a forum for scholars, members of the learned professions, and government and business leaders to work together on behalf of the democratic interests of the republic. As stated in the Academy\u2019s Charter, the \u201cend and design of the institution is...to cultivate every art and science which may tend to advance the interest, honor, dignity, and happiness of a free, independent, and virtuous people.\u201d\n"}, {"title": "Marshall Medal", "issuer": "UK Marshall Commission", "issued_on": {"day": 1, "month": 6, "year": 2017}, "description": "Marshall Medals are awarded every ten years by the UK Marshall commission, \"to people of outstanding achievement whose contribution to British-American understanding, distinguished role in public life, or creative energy, reflect the legacy of George C Marshall.\""}, {"title": "CBE", "issuer": "Her Majesty the Queen of the United Kingdom", "issued_on": {"day": 1, "month": 3, "year": 2017}, "description": "Reid Hoffman has been appointed by Her Majesty Queen Elizabeth II an honorary Commander of the Most Excellent Order of the British Empire (CBE) in recognition of his services promoting UK business, social networking and the Marshall Scholarship scheme."}, {"title": "Global Benefactor", "issuer": "Churchill Club", "issued_on": {"day": 1, "month": 8, "year": 2016}, "description": "For irrepressible vision and positive impact on society \nSpirit of the award: \"Thanks for thinking big\""}, {"title": "Distinguished Citizen Award", "issuer": "Commonwealth Club", "issued_on": {"day": 1, "month": 4, "year": 2014}, "description": "The Commonwealth Club presents its Distinguished Citizen Award to individuals, recognizing their noteworthy contributions to local and global society.\n\nThis year\u2019s theme is \u201cTransformative Leadership\u201d \u2013 honoring the individuals who have made a significant impact on our region by creating business and economic opportunities, or through their philanthropy and fundraising dedication have improved our fabric of social and cultural organizations."}, {"title": "David Packard Medal of Achievement Award", "issuer": "TechAmerica", "issued_on": {"day": 1, "month": 8, "year": 2012}, "description": "Recipients are selected for their contributions and advances within the high-tech industry, their community, and humankind.  This award is the highest award bestowed by TechAmerica."}, {"title": "Martin Luther King \"Salute to Greatness\"\u200b", "issuer": "Martin Luther King Jr. Center", "issued_on": {"day": 1, "month": 1, "year": 2012}, "description": "The Martin Luther King Jr. Center's \"Salute to Greatness\"\u200b award which \"recognizes individuals and corporations or organizations that exemplify excellence in leadership and a commitment to social responsibility in the spirit of Martin Luther King, Jr"}, {"title": "Visionary Award", "issuer": "Silicon Valley Forum", "issued_on": {"day": 1, "month": 6, "year": 2010}, "description": "The Silicon Valley Forum Visionary Awards honor industry leaders who have pioneered innovation and fostered the spirit of entrepreneurship, and whose unique vision continues to shape Silicon Valley. The Visionary Awards celebrate leadership in technology, education, venture capital, and entrepreneurship."}], "accomplishment_patents": [], "accomplishment_courses": [], "accomplishment_projects": [], "accomplishment_test_scores": [], "volunteer_work": [{"starts_at": {"day": 1, "month": 6, "year": 2016}, "ends_at": null, "title": "Chair, Board of Directors", "cause": "ECONOMIC_EMPOWERMENT", "company": "Opportunity@Work", "company_linkedin_profile_url": "https://www.linkedin.com/company/opportunity-work/", "description": "Opportunity@Work is a nonprofit social enterprise dedicated to re-wiring the U.S. labor market through innovative technology and education financing. Opportunity@Work has launched TechHire.Careers, a new kind of recruiting platform built to help employers fill entry-level tech positions with talented individuals from diverse backgrounds. \n\nBy breaking down systemic barriers facing job seekers who come from nontraditional backgrounds, Opportunity@Work will enable millions of Americans to find good jobs and generate more than $20 billion in additional annual earnings for the U.S. labor market.", "logo_url": "https://media.licdn.com/dms/image/C4D0BAQF-JsPXvUPkhQ/company-logo_400_400/0/1630469218204/opportunity_work_logo?e=1717027200&v=beta&t=EhYCXITmnimrNKk20k7Cvy1L1GX-7E5MHykg78aEa1g"}, {"starts_at": {"day": 1, "month": 3, "year": 2017}, "ends_at": {"day": 31, "month": 12, "year": 2023}, "title": "Chair, Board of Directors", "cause": null, "company": "Research Bridge Partners", "company_linkedin_profile_url": "https://www.linkedin.com/company/research-bridge-partners/", "description": "The Research Bridge Partnership (RBP) is a nonprofit that seeks to address geographically unequal translational research opportunities on American university campuses. RBP uses proprietary data analysis tools to identify promising innovators at heartland universities, and supports the translation of their work into the real economy through partnerships with startups, corporations, investors, and philanthropy. ", "logo_url": "https://media.licdn.com/dms/image/C4E0BAQHbQfuv3GNcmw/company-logo_400_400/0/1630591137313/translationalresearch_institute_logo?e=1717027200&v=beta&t=agxtc9XcwRyaw7fTB82b0TDGGbB1nnepzm84aUfsugs"}, {"starts_at": {"day": 1, "month": 1, "year": 2010}, "ends_at": null, "title": "Board of Directors", "cause": "ECONOMIC_EMPOWERMENT", "company": "Endeavor", "company_linkedin_profile_url": "https://www.linkedin.com/company/endeavorglobal/", "description": "Endeavor supports high impact entrepreneurs around the world.", "logo_url": "https://media.licdn.com/dms/image/D4E0BAQG9Nglb0ZU1kQ/company-logo_400_400/0/1681235668619/endeavorglobal_logo?e=1717027200&v=beta&t=71SkrnBxXW3R5T50lE-JfP2a0E4atzKa-y6632RGllo"}, {"starts_at": {"day": 1, "month": 11, "year": 2019}, "ends_at": null, "title": "Board of Directors", "cause": null, "company": "New America", "company_linkedin_profile_url": "https://www.linkedin.com/company/new-america-foundation/", "description": "New America is a public policy think tank dedicated to renewing America by continuing the quest to realize our nation's highest ideals, honestly confronting the challenges caused by rapid technological and social change, and seizing the opportunities those changes create.", "logo_url": "https://media.licdn.com/dms/image/C4E0BAQGrZqqrQKOXnA/company-logo_400_400/0/1631306727807?e=1717027200&v=beta&t=9XBZU7FmOLac6p693PeE0lhtS6S8WNJAXMPbYffGIPQ"}, {"starts_at": {"day": 1, "month": 11, "year": 2016}, "ends_at": null, "title": "Member, Board of Directors", "cause": "HEALTH", "company": "Chan Zuckerberg Biohub Network", "company_linkedin_profile_url": "https://www.linkedin.com/company/cz-biohub/", "description": "The Chan Zuckerberg Biohub is an independent, non-profit medical research organization. Its vision is to develop and apply technologies that will enable doctors to cure, prevent or manage all diseases during our children\u2019s lifetime.", "logo_url": "https://media.licdn.com/dms/image/D4E0BAQHNgnyntBC00g/company-logo_400_400/0/1688563687859/cz_biohub_logo?e=1717027200&v=beta&t=AhWpPnNg6SxDu1lVR3KuUiVrrQFHMzjLHSHAibDINQg"}, {"starts_at": {"day": 1, "month": 6, "year": 2006}, "ends_at": null, "title": "Board of Directors", "cause": "ECONOMIC_EMPOWERMENT", "company": "Kiva", "company_linkedin_profile_url": "https://www.linkedin.com/company/kiva-org/", "description": "Kiva provides an entrepreneur's marketplace for social micro-lending. The entrepreneurs are pre-vetted by micro-finance organizations. They are then listed on Kiva's web marketplace, and interested and motivated lenders can lend money for the creation of businesses. It is a paradigm case of teaching to fish rather than giving fish.", "logo_url": "https://media.licdn.com/dms/image/C4D0BAQGBx_hbdh64uw/company-logo_400_400/0/1630541370889/kiva_org_logo?e=1717027200&v=beta&t=1ldy5_i139Zw-XjZNS4Fs9soj0Hm8MKeQL9OulaAwO0"}, {"starts_at": {"day": 1, "month": 1, "year": 2019}, "ends_at": null, "title": "Member Board Of Directors", "cause": null, "company": "Lever for Change", "company_linkedin_profile_url": "https://www.linkedin.com/company/leverforchange/", "description": "Building off the success of 100&Change, MacArthur\u2019s breakthrough $100 million competition, Lever for Change helps philanthropists source vetted, high-impact philanthropic opportunities and connects those opportunities to significant amounts of philanthropic capital. Lever for Change does this through either managing customized competitions or by matching philanthropists with the top vetted proposals from such competitions in a searchable online database of solutions. Through a rigorous, open, and transparent approach, Lever for Change aims to inspire philanthropists to dramatically increase their giving by helping them source and identify the most promising ideas that will significantly impact the issues they care about most.", "logo_url": "https://media.licdn.com/dms/image/C4D0BAQEWPV7huO1qGA/company-logo_400_400/0/1643047651617/leverforchange_logo?e=1717027200&v=beta&t=XH8iP5d5edSWCO4ryGHNMaAEAsHRHXCEmz7KP-cc_sA"}, {"starts_at": {"day": 1, "month": 4, "year": 2017}, "ends_at": null, "title": "Member of the Board", "cause": "SCIENCE_AND_TECHNOLOGY", "company": "Berggruen Institute", "company_linkedin_profile_url": "https://www.linkedin.com/company/berggrueninst/", "description": "The Berggruen Institute\u2019s mission is to develop foundational ideas and, through them, shape political, economic and social institutions for the 21st century.", "logo_url": "https://media.licdn.com/dms/image/D560BAQG9Uj4ehpYvjA/company-logo_400_400/0/1692315068677/berggrueninst_logo?e=1717027200&v=beta&t=qplVukPQwZvTROXNVZycffdlosa6LFZDRfNN7ehjMeo"}, {"starts_at": {"day": 1, "month": 9, "year": 2008}, "ends_at": null, "title": "Chair, West Coast Advisory Board", "cause": "EDUCATION", "company": "QuestBridge", "company_linkedin_profile_url": "https://www.linkedin.com/company/questbridge/", "description": "QuestBridge is a revenue-generating non-profit which now places more talented low-income youth into 28 top colleges including Stanford, Princeton, Columbia, Amherst, MIT, Williams, and Yale. Approximately 1500 Quest students were accepted to our partner colleges in 2008 alone (146 at Stanford, for instance, and 11% of the entering class of Amherst).\n\nQuestBridge envisions a world where America's leadership encompasses thoughtful and broad-minded decision makers drawn from every economic segment of society. QuestBridge revolutionizes the way leading colleges and universities recruit talented low-income students, and the way these students approach their once-in-a-lifetime educations and futures.\n\nQuestBridge aims to create a singular place where exceptionally talented low-income students can navigate educational and life opportunities. QuestBridge recruits, develops, and supports motivated low-income students \u2014 beginning in high school through college to their first job \u2014 to be successful at America\u2019s best colleges, graduate schools, and companies.", "logo_url": "https://media.licdn.com/dms/image/C4D0BAQGOrQ1RJZHDcA/company-logo_400_400/0/1631337701279?e=1717027200&v=beta&t=Sp-cKTR1u9ZzIdYp_r5e403NznSNWVy75f8xNfB3xUI"}, {"starts_at": {"day": 1, "month": 7, "year": 2014}, "ends_at": {"day": 31, "month": 12, "year": 2021}, "title": "Visting Committee and Advisory Board", "cause": "SCIENCE_AND_TECHNOLOGY", "company": "MIT Media Lab", "company_linkedin_profile_url": "https://www.linkedin.com/company/mit-media-lab/", "description": "The MIT Media Lab is an interdisciplinary research lab that encourages the unconventional mixing and matching of seemingly disparate research areas.", "logo_url": "https://media.licdn.com/dms/image/C560BAQEEH3CNoBAf9g/company-logo_400_400/0/1675453512122/mit_media_lab_logo?e=1717027200&v=beta&t=V5gXDO5TTS4DLUm6sv4SvQr7cLKlPYyWRUPUNEyNV8c"}, {"starts_at": {"day": 1, "month": 8, "year": 2005}, "ends_at": {"day": 31, "month": 12, "year": 2016}, "title": "Member, Board of Directors", "cause": "SCIENCE_AND_TECHNOLOGY", "company": "Mozilla", "company_linkedin_profile_url": "https://www.linkedin.com/company/mozilla-corporation/", "description": "Evangelists and champions of the free and open web-platform, Firefox. Firefox allows consumers the experience they want, all software and internet companies to build extensions, and open-source developers to contribute freely and democratically. Firefox works to keep a free, open web \u2014 both through its own platform and by inspiring other browsers to create open apis and platforms with great consumer experiences.", "logo_url": "https://media.licdn.com/dms/image/C4E0BAQGHz8JwrMTQ0A/company-logo_400_400/0/1631301149956?e=1717027200&v=beta&t=lt9WcSbccFd1L1YMeKyTLQdyUe0XktzuPBxTA_XnOFw"}, {"starts_at": {"day": 1, "month": 1, "year": 2006}, "ends_at": {"day": 30, "month": 11, "year": 2007}, "title": "Member, Board of Advisors", "cause": null, "company": "Center for Citizen Media", "company_linkedin_profile_url": null, "description": "The Center for Citizen Media is a new initiative aimed at helping to enable and encourage grassroots media, especially citizen journalism, at every level. The nonprofit Center is jointly affiliated with the University of California, Berkeley\u2019s Graduate School of Journalism and the Berkman Center for Internet & Society at Harvard University Law School. In the new information age of the internet, media becomes much stronger through massive grassroots participation in discovery and reporting.", "logo_url": null}], "certifications": [], "connections": 500, "people_also_viewed": [{"link": "https://www.linkedin.com/in/tomercohen", "name": "Tomer Cohen", "summary": "Chief Product Officer at LinkedIn", "location": null}, {"link": "https://www.linkedin.com/in/daymondjohn", "name": "Daymond John", "summary": "CEO of FUBU and The Shark Group, TV Personality on ABC Shark Tank, Public Speaker", "location": null}, {"link": "https://www.linkedin.com/in/eries", "name": "Eric Ries", "summary": "Founder and Executive Chairman, LTSE", "location": null}, {"link": "https://www.linkedin.com/in/chrisyeh", "name": "Chris Yeh", "summary": "Investor, Writer, Mentor, Entrepreneur", "location": null}, {"link": "https://www.linkedin.com/in/garrytan", "name": "Garry Tan", "summary": "President & CEO, Y Combinator", "location": null}, {"link": "https://www.linkedin.com/in/sinofsky", "name": "Steven Sinofsky", "summary": "Experienced business and product development leader, investor, advisor, director", "location": null}, {"link": "https://www.linkedin.com/in/officialtonyrobbins", "name": "Tony Robbins", "summary": "#1 New York Times best-selling author, life and business strategist, philanthropist, entrepreneur", "location": null}, {"link": "https://www.linkedin.com/in/whitneyjohnson", "name": "Whitney Johnson", "summary": "Learning is the oxygen of human growth. Learn along with me on the Disrupt Yourself podcast.", "location": null}, {"link": "https://www.linkedin.com/in/mustafa-suleyman", "name": "Mustafa Suleyman", "summary": "CEO & Co-founder, Inflection", "location": null}, {"link": "https://www.linkedin.com/in/stephencurry30", "name": "Stephen Curry", "summary": "NBA Athlete | Producer, Investor, Entrepreneur, Philanthropist", "location": null}], "recommendations": [], "activities": [], "similarly_named_profiles": [], "articles": [], "groups": [], "skills": [], "inferred_salary": null, "gender": null, "birth_date": null, "industry": null, "extra": null, "interests": [], "personal_emails": ["rhoffman@linkedin.com", "rjriggio@tpg.com.au"], "personal_numbers": []}
