{"public_identifier": "sowjanya-msl-593000179", "profile_pic_url": "https://s3.us-west-000.backblazeb2.com/proxycurl/person/sowjanya-msl-593000179/profile?X-Amz-Algorithm=AWS4-HMAC-SHA256&X-Amz-Credential=0004d7f56a0400b0000000001%2F20240305%2Fus-west-000%2Fs3%2Faws4_request&X-Amz-Date=20240305T095237Z&X-Amz-Expires=3600&X-Amz-SignedHeaders=host&X-Amz-Signature=890a90428a7cb4b8e2d13a9b32021eaf9328c605d1ae262b0dfaa71adb4608f7", "background_cover_image_url": null, "first_name": "Sowjanya", "last_name": "MSL", "full_name": "Sowjanya MSL", "follower_count": 141, "occupation": "Test Automation Engineer at Infosys", "headline": "ITM Grad Student @ Illinois Institute of Technology", "summary": "As a Data Analytics and Management enthusiast, I am passionate about embarking on a dynamic career that fosters my professional growth. I am keen to contribute my key skills and expertise towards achieving organizational objectives, driving data-driven insights, and advancing the goals of the company.", "country": "US", "country_full_name": "United States of America", "city": "Chicago", "state": "Illinois", "experiences": [{"starts_at": {"day": 1, "month": 11, "year": 2020}, "ends_at": {"day": 31, "month": 12, "year": 2022}, "company": "Infosys", "company_linkedin_profile_url": "https://www.linkedin.com/company/infosys", "title": "Test Automation Engineer", "description": "\u2022\tLeveraged Selenium WebDriver and Katalon Studio with Java to automate the process of testing web applications such as GUI testing, Functional testing, Regression testing, Integration testing.\n\u2022\tDelivered comprehensive test coverage for critical modules such as compensation, goals and performance across four user categories.\n\u2022\tSingle handedly created over 300 test scripts from scratch, optimizing coding time through reusable methods, ensuring optimal code coverage within tight timelines. \n\u2022\tCollaborated with clients to address challenges such as validating PDF and Excel files, dynamically waiting for downloads, and integrating automation processes seamlessly into Azure DevOps.\n\u2022\tRepresented the testing team in client calls, proactively participating in finalizing the design specifications of the plan to get the test cases running successfully on the pipeline execution.", "location": "Hyderabad, Telangana, India", "logo_url": "https://media.licdn.com/dms/image/D4D0BAQE7Zf1-vvfbUA/company-logo_400_400/0/1692876768583/infosys_logo?e=1717632000&v=beta&t=a8foohbLxoCYmkiGRi4AzqnE2CSm_Sgqv93R1dagONQ"}, {"starts_at": {"day": 1, "month": 2, "year": 2020}, "ends_at": {"day": 31, "month": 3, "year": 2020}, "company": "Infosys", "company_linkedin_profile_url": "https://www.linkedin.com/company/infosys", "title": "System Engineer", "description": "\u2022\tCompleted an intern in IVS-JAVA SDET, Web Services like SOAP and REST, MySQL queries and functional testing.\n\u2022\tPerformed Functional testing using Selenium on Login , Logout and other features like deposits maintaining by taking Screen shots of results and also worked with Excel and Web Table using the same.\n\u2022\tPerformed Web service Testing on Capstone Project using SoapUI and Rest on Deposits and Accounts Modules.\n\u2022\tCreated Jenkins Pipeline to execute 4 different projects in given sequence.", "location": "Mysore, Karnataka, India", "logo_url": "https://media.licdn.com/dms/image/D4D0BAQE7Zf1-vvfbUA/company-logo_400_400/0/1692876768583/infosys_logo?e=1717632000&v=beta&t=a8foohbLxoCYmkiGRi4AzqnE2CSm_Sgqv93R1dagONQ"}], "education": [{"starts_at": {"day": 1, "month": 1, "year": 2023}, "ends_at": null, "field_of_study": "Information Technology and Management", "degree_name": "Master's degree", "school": "Illinois Institute of Technology", "school_linkedin_profile_url": "https://www.linkedin.com/company/6328/", "description": null, "logo_url": "https://media.licdn.com/dms/image/C4D0BAQEd6wnmQCCIHw/company-logo_400_400/0/1630559679535/illinois_institute_of_technology_logo?e=1717632000&v=beta&t=9_wR1v9lt8WVPSux8a585YLwqzmyIqxwEYp0mHeXRL0", "grade": null, "activities_and_societies": null}, {"starts_at": {"day": 1, "month": 1, "year": 2016}, "ends_at": {"day": 31, "month": 12, "year": 2020}, "field_of_study": "Cse", "degree_name": "Btech", "school": "Gayatri Vidya Parishad College of Engineering (Autonomous)", "school_linkedin_profile_url": "https://www.linkedin.com/company/18855773/", "description": null, "logo_url": "https://media.licdn.com/dms/image/C560BAQFkEC0pY-USUQ/company-logo_400_400/0/1630619632206/gvpcoe_logo?e=1717632000&v=beta&t=4Rp-laEoh-OgN8fB1iGXfVtP_MQkASzyiAE3E9PTejk", "grade": null, "activities_and_societies": null}], "languages": [], "accomplishment_organisations": [], "accomplishment_publications": [], "accomplishment_honors_awards": [], "accomplishment_patents": [], "accomplishment_courses": [], "accomplishment_projects": [{"starts_at": null, "ends_at": null, "title": "Fitness Tracking Application", "description": "Developed an application on fitness track of the customer performing his/her workout each day. It has register/login pages, customer can view what kinds of workouts the app offers, learn about them and proceed performing the same. Also, this has a history section to track their progress. We have used Java and firebase authentication technique to maintain the integrity of the data of each customer.", "url": null}, {"starts_at": null, "ends_at": null, "title": "Twitter Sentimental Analysis", "description": "This analysis is performed on the tweets on the \u201cSupernatural\u201d web series. It\u2019s a sentimental analysis on a data set that has 1.6 million tweets with attributes like polarity, ID, date, query, user, and text. This analysis is done by performing Data Cleaning, Preprocessing, Feature Extraction, Prediction and Evaluation. We have used Python to perform Logistic Regression and 5 other models and decided the best model among them to perform this analysis using evaluation Metrics (Accuracy).", "url": null}], "accomplishment_test_scores": [], "volunteer_work": [], "certifications": [], "connections": 139, "people_also_viewed": [{"link": "https://www.linkedin.com/in/samuktha-nacham-77aa83148?miniProfileUrn=urn%3Ali%3Afs_miniProfile%3AACoAACPBGI4Be03QzNpevExdTQ7MK_eCd868_a8", "name": "Samuktha Nacham", "summary": "Graduate Teaching Assistant at Illinois Institute of Technology | Ex-ASE at Zemoso Technologies", "location": null}, {"link": "https://www.linkedin.com/in/akankshagajbahar?miniProfileUrn=urn%3Ali%3Afs_miniProfile%3AACoAACjq6O0BI2OmFi2csVLBYdBR5BKSFgEL0oE", "name": "Akanksha Gajbahar", "summary": "MS-ITM Grad @lllinois Tech | Seeking Internship/ Co-Ops for Summer 2024 | Ex- Dassault systems | Ex-Ubisoft", "location": null}, {"link": "https://www.linkedin.com/in/saisriram-gudapati-93494a189?miniProfileUrn=urn%3Ali%3Afs_miniProfile%3AACoAACx0yLgBicJdw9SzXzLIbYs5IyBjqjLfkeE", "name": "Saisriram Gudapati", "summary": "ITM Graduate Student at Illinois Tech", "location": null}, {"link": "https://www.linkedin.com/in/tudumu-karishma-a666a618b?miniProfileUrn=urn%3Ali%3Afs_miniProfile%3AACoAACzGUG4BE1JG6_N6sYOM4Mxiemm0ND9Fu1A", "name": "Tudumu Karishma", "summary": "Data Analyst | @Juniper Networks|Data Analytics", "location": null}, {"link": "https://www.linkedin.com/in/komal-naik-iitc?miniProfileUrn=urn%3Ali%3Afs_miniProfile%3AACoAAC75WRMBOfbIggujv4hfSvu5Mi2LzKorbrA", "name": "Komal Suhas Naik", "summary": "Aspiring technical project/product manager |Actively looking for Summer 2024 Internships / Co-Ops | MS ITM-(MIS) @ Illinois Tech 2025 | Ex-Capgemini | RPA developer", "location": null}], "recommendations": [], "activities": [], "similarly_named_profiles": [], "articles": [], "groups": [], "skills": [], "inferred_salary": null, "gender": null, "birth_date": null, "industry": null, "extra": null, "interests": [], "personal_emails": [], "personal_numbers": []}
