{"public_identifier": "venkata-sai-deep-gaddipati-654826249", "profile_pic_url": "https://media.licdn.com/dms/image/D5603AQF8tmzkHtGLfw/profile-displayphoto-shrink_400_400/0/1701726591822?e=1715212800&v=beta&t=60GdCUlvQb9mC32VZ0S49o37mFWVa__FrtiaPs236XM", "background_cover_image_url": null, "first_name": "Venkata Sai Deep", "last_name": "Gaddipati", "full_name": "Venkata Sai Deep Gaddipati", "follower_count": 184, "occupation": null, "headline": "Bachelor of Technology - Internet of Things | Pega CSA & CSSA Certified v8.7 | Master\u2019s - Information Technology and Management \n", "summary": null, "country": "US", "country_full_name": "United States of America", "city": "Chicago", "state": "Illinois", "experiences": [], "education": [{"starts_at": {"day": 1, "month": 8, "year": 2023}, "ends_at": {"day": 31, "month": 5, "year": 2025}, "field_of_study": "Information Technology and Management", "degree_name": "Master's degree", "school": "Illinois Institute of Technology", "school_linkedin_profile_url": "https://www.linkedin.com/company/6328/", "description": null, "logo_url": "https://media.licdn.com/dms/image/C4D0BAQEd6wnmQCCIHw/company-logo_400_400/0/1630559679535/illinois_institute_of_technology_logo?e=1717632000&v=beta&t=9_wR1v9lt8WVPSux8a585YLwqzmyIqxwEYp0mHeXRL0", "grade": null, "activities_and_societies": null}, {"starts_at": {"day": 1, "month": 8, "year": 2019}, "ends_at": {"day": 31, "month": 3, "year": 2023}, "field_of_study": "Electronics and Communications Engineering", "degree_name": "Bachelor of Technology - BTech", "school": "KL University", "school_linkedin_profile_url": "https://www.linkedin.com/company/1353501/", "description": "Skills: Pega \u00b7 C (Programming Language) \u00b7 Python (Programming Language) \u00b7 Internet of Things (IoT)", "logo_url": "https://media.licdn.com/dms/image/C4D0BAQEbnIc5Va_TFQ/company-logo_400_400/0/1631344808425?e=1717632000&v=beta&t=yL_ET5Y1DODvQZjLjsreCqkK61pjpRn6Y4tKqokkJhc", "grade": null, "activities_and_societies": null}, {"starts_at": {"day": 1, "month": 6, "year": 2017}, "ends_at": {"day": 31, "month": 5, "year": 2019}, "field_of_study": "MPC", "degree_name": "Intermediate", "school": "Deeksha Junior College", "school_linkedin_profile_url": null, "description": null, "logo_url": null, "grade": null, "activities_and_societies": null}, {"starts_at": {"day": 1, "month": 6, "year": 2013}, "ends_at": {"day": 30, "month": 4, "year": 2017}, "field_of_study": null, "degree_name": "High School", "school": "VRS Vignana Jyothi School", "school_linkedin_profile_url": null, "description": null, "logo_url": null, "grade": null, "activities_and_societies": null}], "languages": [], "accomplishment_organisations": [], "accomplishment_publications": [], "accomplishment_honors_awards": [], "accomplishment_patents": [], "accomplishment_courses": [], "accomplishment_projects": [], "accomplishment_test_scores": [], "volunteer_work": [], "certifications": [], "connections": 174, "people_also_viewed": [], "recommendations": [], "activities": [], "similarly_named_profiles": [], "articles": [], "groups": [{"profile_pic_url": "https://media.licdn.com/dms/image/C4D07AQFAzoClR83lvw/group-logo_image-shrink_400x400/0/1630996833508?e=1710291600&v=beta&t=MrwqmbnkaQNL7SR9EhnWy3TelsVx6OQU2uKQzlw72UE", "name": "Information Technology (IT) Learning Group - LinkedIn Learning", "url": "https://www.linkedin.com/groups/8976008"}, {"profile_pic_url": "https://media.licdn.com/dms/image/C5607AQFK1lxIlc9WBw/group-logo_image-shrink_48x48/0/1631436158348?e=1710291600&v=beta&t=BUuEMfPZUI5JSSkIX_dV8F-_JGNhTlgm1eXuwHFv8uk", "name": "SAP FICO Consultants (120k+ Members)", "url": "https://www.linkedin.com/groups/1911028"}], "skills": [], "inferred_salary": null, "gender": null, "birth_date": null, "industry": null, "extra": null, "interests": [], "personal_emails": [], "personal_numbers": []}
