{"public_identifier": "vinutha-b-191b03210", "profile_pic_url": "https://media.licdn.com/dms/image/D5603AQFnHmM5-0AKQw/profile-displayphoto-shrink_400_400/0/1708307391797?e=1715212800&v=beta&t=oVW7TTqIA7bYVug2-qgu0GU2nORerdwjJjpGpuqI9s4", "background_cover_image_url": "https://media.licdn.com/dms/image/D5616AQG-KVDAH3ZHrg/profile-displaybackgroundimage-shrink_200_800/0/1708307997550?e=1715212800&v=beta&t=Cm3r_1DP7QfUzrLf0M-RoOn74W-dz90L2C4xnlgKfMo", "first_name": "Vinutha", "last_name": "B.", "full_name": "Vinutha B.", "follower_count": 620, "occupation": "Graduate Teaching Assistant & Student Assistant at Illinois Institute of Technology", "headline": "Actively seeking full time opportunities | Master's in IT & Management | Salesforce Certified | Expert in Java, Python, SQL | Transforming Data into Insights | DevOps Enthusiast | Graduate Teaching Assistant", "summary": "As a graduate teaching assistant and student assistant at Illinois Institute of Technology, I am pursuing my master's degree in Information Technology and Management. I have a strong academic background in Java development, as well as multiple certifications in Salesforce and Oracle, two of the leading cloud-based platforms in the IT industry.\n\nI have also gained valuable professional experience as an associate software engineer at Accenture, where I orchestrated deployment and delivery in Salesforce CRM using Flosum, ensuring alignment with project and user requirements. I collaborated with senior DevOps engineers to develop and apply innovative branching and environment techniques, enhancing code quality to exceed 90%. I also executed SQL queries using Workbench, retrieving essential data from CRM for analysis and decision-making. I am flexible, adaptable, and eager to learn and work in a dynamic IT environment, with a passion for transforming data into insights.", "country": "US", "country_full_name": "United States of America", "city": "Chicago", "state": "Illinois", "experiences": [{"starts_at": {"day": 1, "month": 8, "year": 2023}, "ends_at": null, "company": "Illinois Institute of Technology", "company_linkedin_profile_url": "https://www.linkedin.com/company/illinois-tech", "title": "Graduate Teaching Assistant & Student Assistant", "description": null, "location": "Chicago, Illinois, United States \u00b7 On-site", "logo_url": "https://media.licdn.com/dms/image/C4D0BAQEd6wnmQCCIHw/company-logo_400_400/0/1630559679535/illinois_institute_of_technology_logo?e=1717632000&v=beta&t=9_wR1v9lt8WVPSux8a585YLwqzmyIqxwEYp0mHeXRL0"}, {"starts_at": {"day": 1, "month": 8, "year": 2022}, "ends_at": null, "company": "Illinois Institute of Technology", "company_linkedin_profile_url": "https://www.linkedin.com/company/illinois-tech", "title": "Graduate Student", "description": null, "location": "United States", "logo_url": "https://media.licdn.com/dms/image/C4D0BAQEd6wnmQCCIHw/company-logo_400_400/0/1630559679535/illinois_institute_of_technology_logo?e=1717632000&v=beta&t=9_wR1v9lt8WVPSux8a585YLwqzmyIqxwEYp0mHeXRL0"}, {"starts_at": {"day": 1, "month": 2, "year": 2021}, "ends_at": {"day": 31, "month": 8, "year": 2022}, "company": "Accenture", "company_linkedin_profile_url": "https://www.linkedin.com/company/accenture", "title": "Associate Software Engineer", "description": "Key Achievements:\n\nOrchestrated deployment and delivery in Salesforce CRM using Flosum, ensuring alignment with project and user requirements.\nDeveloped and maintained comprehensive IT documentation, including infrastructure diagrams and runbooks.\nSpearheaded exploration of diverse DevOps processes like Copado, Jenkins, Flosum, contributing to team efficiency.\nCollaborated with Senior DevOps engineers to develop and apply innovative branching and environments techniques, enhancing code quality to exceed 90%.\nExecuted SQL queries using Workbench, retrieving essential data from CRM for analysis and decision-making.\nIdentified and resolved issues in various Salesforce applications and integrated systems, minimizing downtime and maximizing performance.\nActively participated in delivery/release activities (CI/CD), exemplified in branching environments, pull requests, and merge/conflict resolution.\nSkills Showcase:\nCustomer Relationship Management (CRM) | SOSL | Visualforce Pages | Salesforce.com Administration | Data Science | Amazon Web Services (AWS) | Troubleshooting | Problem Solving | Communication | Java | Flowsum | DevOps | Jira | CI/CD | Release Management | Deployment Strategies | Repository Management | Bitbucket | Confluence | Agile Methodologies", "location": "India", "logo_url": "https://media.licdn.com/dms/image/D4E0BAQGTUswcRlgg9A/company-logo_400_400/0/1689352303687/accenture_logo?e=1717632000&v=beta&t=ylUAT9MwW7PErVIQ7d7GkQZdh8oB_leJXdqCoTeow3A"}, {"starts_at": {"day": 1, "month": 9, "year": 2020}, "ends_at": {"day": 28, "month": 2, "year": 2021}, "company": "Accenture", "company_linkedin_profile_url": "https://www.linkedin.com/company/accenture", "title": "Student Intern", "description": "Initial learning program", "location": "India", "logo_url": "https://media.licdn.com/dms/image/D4E0BAQGTUswcRlgg9A/company-logo_400_400/0/1689352303687/accenture_logo?e=1717632000&v=beta&t=ylUAT9MwW7PErVIQ7d7GkQZdh8oB_leJXdqCoTeow3A"}], "education": [{"starts_at": {"day": 1, "month": 8, "year": 2022}, "ends_at": {"day": 31, "month": 8, "year": 2024}, "field_of_study": "Information Technology", "degree_name": "Master's degree", "school": "Illinois Institute of Technology", "school_linkedin_profile_url": "https://www.linkedin.com/company/illinois-tech", "description": "Graduate student at Illinois Institute of Technology", "logo_url": "https://media.licdn.com/dms/image/C4D0BAQEd6wnmQCCIHw/company-logo_400_400/0/1630559679535/illinois_institute_of_technology_logo?e=1717632000&v=beta&t=9_wR1v9lt8WVPSux8a585YLwqzmyIqxwEYp0mHeXRL0", "grade": null, "activities_and_societies": null}, {"starts_at": {"day": 1, "month": 1, "year": 2016}, "ends_at": {"day": 31, "month": 12, "year": 2020}, "field_of_study": null, "degree_name": "Bachelor of Engineering - BE", "school": "Visvesvaraya Technological University", "school_linkedin_profile_url": "https://www.linkedin.com/company/8680105/", "description": "Skills: Interpersonal Skills \u00b7 Networking \u00b7 Office 365 \u00b7 C (Programming Language)", "logo_url": "https://media.licdn.com/dms/image/C4D0BAQEXLsH7UX9uMw/company-logo_400_400/0/1631303715236?e=1717632000&v=beta&t=No0NkCXMJjy9451uF6rn-6Bi70nYO9ErlHNkB2vMDEk", "grade": null, "activities_and_societies": null}, {"starts_at": {"day": 1, "month": 1, "year": 2014}, "ends_at": {"day": 31, "month": 12, "year": 2016}, "field_of_study": "PCMB", "degree_name": "Pre university course", "school": "Christ University, Bangalore", "school_linkedin_profile_url": "https://www.linkedin.com/company/15115108/", "description": null, "logo_url": "https://media.licdn.com/dms/image/C560BAQENS8jNjdELYQ/company-logo_400_400/0/1657915737039?e=1717632000&v=beta&t=FqCLsfsK4HZuci1QtMc-5-lvRMrh5ClSFpmivJPL5pk", "grade": null, "activities_and_societies": null}, {"starts_at": {"day": 1, "month": 1, "year": 2014}, "ends_at": null, "field_of_study": null, "degree_name": "10th Grade", "school": "St. Theresa's Girls'\u200b Higher Secondary School", "school_linkedin_profile_url": "https://www.linkedin.com/company/27089098/", "description": null, "logo_url": null, "grade": null, "activities_and_societies": null}], "languages": ["English", "Hindi", "Kannada "], "accomplishment_organisations": [], "accomplishment_publications": [], "accomplishment_honors_awards": [], "accomplishment_patents": [], "accomplishment_courses": [{"name": "Adv Topics in Data Management", "number": null}, {"name": "Object-Oriented App Develop", "number": null}], "accomplishment_projects": [{"starts_at": {"day": 1, "month": 6, "year": 2023}, "ends_at": {"day": 31, "month": 8, "year": 2023}, "title": "Chicago Crime Data", "description": "Data Analysis Project Completion: Accomplished a comprehensive data analysis and visualization initiative utilizing Python, with a specific focus on crime data originating from the city of Chicago.\nEnd-to-End Data Handling: Applied adept data collection techniques, proficient data processing methods, and cutting-edge data visualization tools to distill insightful patterns and trends from an extensive dataset of crime records in Chicago. Interactive GUI Implementation: Designed and implemented an engaging graphical user interface (GUI) to empower users in exploring and visualizing crime trends across various neighborhoods in Chicago. \nDiverse Visualization Techniques: Employed a variety of visualization methods, including bar charts, pie charts, and line graphs, to effectively convey critical insights derived from the crime data. Communication of Key Findings: Successfully communicated key findings and patterns within the crime data through visually compelling and accessible graphical representations. \nHolistic Project Contribution: Played a pivotal role in all aspects of the project, from data extraction and processing to the development of an interactive GUI, showcasing proficiency in data analytics and visualization.", "url": null}, {"starts_at": {"day": 1, "month": 1, "year": 2023}, "ends_at": {"day": 31, "month": 5, "year": 2023}, "title": "Big Data Engineering with PySpark and Minio", "description": "End-to-End Data Engineering: Comprehensive project leveraging PySpark and Minio for processing and storing vast datasets.\nEfficient Parsing and Transformation: Successfully parsed and transformed raw text records into various formats within the Minio Object Storage System.\nDiverse Functionalities: Encompassed a range of functionalities, including schema design, performance optimization, database connectivity, and data analytics.\nSchema Design and Integration: Designed and integrated data schemas for structured representation of CSV and JSON files.\nPerformance Optimization: Conducted performance analysis, optimizing Spark job execution through varied runtime parameters.\nSeamless Database Connectivity: Established seamless connectivity to a MariaDB server, extracting and processing data for real-world applications.\nInsightful Data Analytics with Spark SQL: Utilized Spark SQL for insightful data analytics, extracting key metrics from processed datasets.", "url": null}], "accomplishment_test_scores": [], "volunteer_work": [{"starts_at": {"day": 1, "month": 8, "year": 2017}, "ends_at": {"day": 31, "month": 1, "year": 2018}, "title": "Volunteer", "cause": "Environment", "company": "Rotaract Club of PES University", "company_linkedin_profile_url": "https://www.linkedin.com/company/68273625/", "description": "We planted plants in government schools and staged an environmental awareness show. I also competed in theme-based dance competitions spreading awareness about environment.", "logo_url": "https://media.licdn.com/dms/image/C4E0BAQH7zblb8ZxVfA/company-logo_400_400/0/1630615488734?e=1717632000&v=beta&t=mA6zoOA0U_aprLKuq0s79JZfL2kII5-mnLST3NY-pWY"}, {"starts_at": {"day": 1, "month": 6, "year": 2014}, "ends_at": {"day": 30, "month": 6, "year": 2017}, "title": "Student", "cause": "Education", "company": "PreranaNGO", "company_linkedin_profile_url": "https://www.linkedin.com/company/68016413/", "description": "Volunteered and participated in numerous NGO-organized activities for students. Received scholarships and knowledge about career and educational opportunities through their interactive programs.", "logo_url": "https://media.licdn.com/dms/image/C560BAQGZ4eYpXVLulA/company-logo_400_400/0/1630659527575?e=1717632000&v=beta&t=9mopfDjoeY8Gm2PO8-jaflXKbrwKxrefXQ_qppZ_eiU"}], "certifications": [{"starts_at": {"day": 1, "month": 2, "year": 2023}, "ends_at": {"day": 28, "month": 2, "year": 2025}, "name": "Oracle Cloud Infrastructure 2022 Certified Foundations Associate", "license_number": null, "display_source": "catalog-education.oracle.com", "authority": "Oracle", "url": "https://catalog-education.oracle.com/pls/certview/sharebadge?id=78EDB706B4B78D130295A359FFE91C390E310C0E6F5E705DEF7184D1A805CF93"}, {"starts_at": {"day": 1, "month": 1, "year": 2023}, "ends_at": {"day": 31, "month": 1, "year": 2025}, "name": "Oracle Cloud Data Management 2022 Foundations Certified Associate", "license_number": null, "display_source": "catalog-education.oracle.com", "authority": "Oracle", "url": "https://catalog-education.oracle.com/pls/certview/sharebadge?id=78EDB706B4B78D130295A359FFE91C390E310C0E6F5E705DEF7184D1A805CF93"}], "connections": 613, "people_also_viewed": [{"link": "https://www.linkedin.com/in/vaishnavi-shankar-devadig?miniProfileUrn=urn%3Ali%3Afs_miniProfile%3AACoAAD3hGO4BYk5KafwbwANNTwL4fh0EoC0yVKs", "name": "Vaishnavi Shankar Devadig", "summary": "Graduate Teaching Assistant (Data Preparation and Analysis) | AWS Certified Machine Learning Specialty | Google Professional Data Analytics | MAS, Data Science at Illinois Institute of Technology | Ex-VMware", "location": null}, {"link": "https://www.linkedin.com/in/antara-bhatt?miniProfileUrn=urn%3Ali%3Afs_miniProfile%3AACoAACdPk68B-GGqdMIBZoQ1doLTAsSrhFXrjGg", "name": "Antara Bhatt", "summary": "Seeking Full Time Opportunity | Illinois Institute of Technology | Ex - Honeywell | Ex - Ericsson | 4.5+ years | Data Analyst", "location": null}, {"link": "https://www.linkedin.com/in/priyanka-suryawanshi-10a13a173?miniProfileUrn=urn%3Ali%3Afs_miniProfile%3AACoAACkh8xoBMDdpJVxYc3d6fAa0w6hNYHzWrOk", "name": "Priyanka Suryawanshi", "summary": "CSM\u00ae | Google Project Management Certified | Passionate Project Manager |  May2024 Fulltime Opportunities | Expert in Delivering Impactful Solutions\ud83d\ude80\ud83c\udfb5", "location": null}, {"link": "https://www.linkedin.com/in/parth-ghatpande-600866194?miniProfileUrn=urn%3Ali%3Afs_miniProfile%3AACoAAC2wceABESP0EPTVXQOoh4Y63JkEHpctUMI", "name": "Parth Ghatpande", "summary": "Graduate Teaching Assistant at Illinois Institute of Technology ", "location": null}, {"link": "https://www.linkedin.com/in/saikiran-kumar-gangaraju?miniProfileUrn=urn%3Ali%3Afs_miniProfile%3AACoAADL0LhoBt5vhe4UxujjR36teRrRhC4dbgHw", "name": "Saikiran Kumar Gangaraju", "summary": "Actively looking for Summer 2024 Intern | Master's in Computer Science at Illinois Institute of Technology | SAP Hybris | Ex Infosian", "location": null}], "recommendations": ["Navarun Halder\n\n\n\nIf you\u2019re looking for a team player who can deliver results under pressure, look no further than Vinutha. I had the opportunity to work with Vinutha during my tenure in Accenture where she was a DevOps resource.  She is a great team player and a quick learner, as she demonstrated her skills during the project delivery. I\u2019m sure she will continue to excel in his career and achieve great things.\nThanks and all the best Vinutha", "anil mandalapu\n\n\n\nVinutha is my go to flosum and Salesforce.She is well organised,diligent and a fast learner.All these attributes were critical when trying to learn and get expertise on any new technologies.being a fast learner helped her understand the combination of DevOps & Salesforce functionalities.She is also an easy going person and it was a pleasure to work with Vinutha."], "activities": [], "similarly_named_profiles": [], "articles": [], "groups": [{"profile_pic_url": "https://media.licdn.com/dms/image/C5607AQFVwTm-W5XY5A/group-logo_image-shrink_400x400/0/1633163979230?e=1710198000&v=beta&t=p2n9A2gHX31SindEg4HM_KrqXrItBroY7GxjuEEfwpo", "name": "Salesforce Developer & Administrator   (  Openings )", "url": "https://www.linkedin.com/groups/10420046"}, {"profile_pic_url": "https://media.licdn.com/dms/image/D5607AQG7bipm7ZScgQ/group-logo_image-shrink_400x400/0/1695559679938?e=1710198000&v=beta&t=wM8RC7UBZ5N5pCZYaxkPBOCAmr0Ovh7BADz5WsbTN38", "name": "Illinois Tech \ud835\uddd6\ud835\uddee\ud835\uddff\ud835\uddf2\ud835\uddf2\ud835\uddff \ud835\udde6\ud835\uddf2\ud835\uddff\ud835\ude03\ud835\uddf6\ud835\uddf0\ud835\uddf2\ud835\ude00", "url": "https://www.linkedin.com/groups/14088794"}], "skills": [], "inferred_salary": null, "gender": null, "birth_date": null, "industry": null, "extra": null, "interests": [], "personal_emails": [], "personal_numbers": []}
